datetime,machineID,errorID
3/1/2015 7:00,1,error1
3/1/2015 20:00,1,error3
4/1/2015 6:00,1,error5
10/1/2015 15:00,1,error4
22/1/2015 10:00,1,error4
25/1/2015 15:00,1,error4
27/1/2015 4:00,1,error1
3/3/2015 22:00,1,error2
5/3/2015 6:00,1,error1
20/3/2015 18:00,1,error1
26/3/2015 1:00,1,error2
31/3/2015 23:00,1,error1
19/4/2015 6:00,1,error2
19/4/2015 6:00,1,error3
29/4/2015 19:00,1,error4
4/5/2015 23:00,1,error2
12/5/2015 9:00,1,error1
21/5/2015 7:00,1,error4
24/5/2015 2:00,1,error3
25/5/2015 5:00,1,error1
9/6/2015 6:00,1,error3
18/6/2015 6:00,1,error5
23/6/2015 10:00,1,error3
23/8/2015 19:00,1,error1
30/8/2015 1:00,1,error3
1/9/2015 6:00,1,error5
13/9/2015 17:00,1,error2
15/9/2015 6:00,1,error1
1/10/2015 23:00,1,error1
15/10/2015 5:00,1,error1
16/10/2015 3:00,1,error3
16/10/2015 6:00,1,error2
16/10/2015 6:00,1,error3
10/11/2015 4:00,1,error3
15/12/2015 6:00,1,error5
12/1/2015 14:00,2,error4
6/2/2015 10:00,2,error4
11/2/2015 11:00,2,error1
11/3/2015 22:00,2,error2
18/3/2015 6:00,2,error1
18/3/2015 6:00,2,error2
18/3/2015 6:00,2,error3
26/3/2015 3:00,2,error2
27/3/2015 17:00,2,error3
17/4/2015 6:00,2,error2
17/4/2015 6:00,2,error3
7/5/2015 8:00,2,error2
13/5/2015 10:00,2,error1
30/5/2015 20:00,2,error5
18/6/2015 14:00,2,error5
18/7/2015 6:00,2,error4
20/7/2015 10:00,2,error2
23/7/2015 2:00,2,error1
3/8/2015 10:00,2,error1
18/8/2015 22:00,2,error5
23/8/2015 10:00,2,error2
28/8/2015 8:00,2,error2
16/9/2015 13:00,2,error4
19/9/2015 21:00,2,error4
23/9/2015 19:00,2,error2
8/11/2015 21:00,2,error3
28/12/2015 6:00,2,error2
28/12/2015 6:00,2,error3
6/1/2015 6:00,3,error2
6/1/2015 6:00,3,error3
8/1/2015 2:00,3,error1
11/1/2015 5:00,3,error1
11/1/2015 19:00,3,error3
28/1/2015 17:00,3,error4
5/2/2015 6:00,3,error1
23/2/2015 6:00,3,error4
2/3/2015 11:00,3,error4
21/3/2015 16:00,3,error3
6/4/2015 16:00,3,error2
9/4/2015 9:00,3,error3
26/4/2015 19:00,3,error2
6/5/2015 19:00,3,error4
24/5/2015 15:00,3,error2
10/6/2015 21:00,3,error4
27/6/2015 7:00,3,error1
9/7/2015 21:00,3,error4
18/7/2015 19:00,3,error1
20/7/2015 6:00,3,error2
20/7/2015 6:00,3,error3
25/7/2015 23:00,3,error4
29/7/2015 17:00,3,error1
2/8/2015 15:00,3,error1
7/8/2015 4:00,3,error2
8/9/2015 4:00,3,error1
13/9/2015 11:00,3,error1
18/9/2015 10:00,3,error2
1/10/2015 2:00,3,error5
3/10/2015 6:00,3,error2
3/10/2015 6:00,3,error3
23/10/2015 14:00,3,error3
31/10/2015 23:00,3,error2
7/11/2015 15:00,3,error4
20/11/2015 23:00,3,error1
2/12/2015 6:00,3,error2
2/12/2015 6:00,3,error3
19/12/2015 22:00,3,error5
25/12/2015 12:00,3,error1
4/1/2015 3:00,4,error3
6/1/2015 1:00,4,error1
11/1/2015 14:00,4,error3
13/1/2015 18:00,4,error2
14/1/2015 21:00,4,error1
16/1/2015 6:00,4,error2
16/1/2015 6:00,4,error3
12/2/2015 15:00,4,error2
15/2/2015 6:00,4,error1
27/2/2015 9:00,4,error1
19/3/2015 5:00,4,error2
22/3/2015 22:00,4,error1
1/4/2015 6:00,4,error2
1/4/2015 6:00,4,error3
6/4/2015 14:00,4,error1
3/5/2015 17:00,4,error2
23/6/2015 8:00,4,error2
15/7/2015 6:00,4,error2
15/7/2015 6:00,4,error3
24/7/2015 5:00,4,error2
27/7/2015 17:00,4,error4
10/8/2015 6:00,4,error4
29/8/2015 6:00,4,error1
5/9/2015 6:00,4,error2
10/10/2015 7:00,4,error1
13/10/2015 6:00,4,error2
13/10/2015 6:00,4,error3
17/10/2015 20:00,4,error1
28/10/2015 16:00,4,error3
12/11/2015 16:00,4,error3
4/12/2015 6:00,4,error1
8/1/2015 6:00,5,error2
8/1/2015 6:00,5,error3
31/1/2015 19:00,5,error1
22/2/2015 6:00,5,error1
24/2/2015 14:00,5,error3
9/3/2015 10:00,5,error2
18/3/2015 22:00,5,error1
21/3/2015 15:00,5,error4
21/3/2015 16:00,5,error2
6/4/2015 2:00,5,error5
8/4/2015 6:00,5,error1
8/5/2015 15:00,5,error1
17/5/2015 0:00,5,error1
1/6/2015 22:00,5,error1
5/6/2015 1:00,5,error4
12/6/2015 18:00,5,error3
22/6/2015 6:00,5,error2
22/6/2015 6:00,5,error3
23/6/2015 12:00,5,error3
12/7/2015 22:00,5,error1
16/7/2015 4:00,5,error3
26/7/2015 8:00,5,error1
29/7/2015 9:00,5,error4
11/8/2015 2:00,5,error4
19/8/2015 12:00,5,error2
30/8/2015 3:00,5,error2
5/9/2015 6:00,5,error1
6/9/2015 6:00,5,error5
27/9/2015 20:00,5,error1
5/10/2015 6:00,5,error2
5/10/2015 6:00,5,error3
19/11/2015 6:00,5,error1
4/12/2015 2:00,5,error1
4/12/2015 18:00,5,error5
15/12/2015 16:00,5,error1
20/12/2015 5:00,5,error4
21/12/2015 9:00,5,error4
30/12/2015 9:00,5,error2
14/1/2015 12:00,6,error2
26/1/2015 12:00,6,error1
3/2/2015 22:00,6,error2
29/3/2015 20:00,6,error4
5/4/2015 21:00,6,error1
23/4/2015 16:00,6,error3
25/4/2015 16:00,6,error1
1/5/2015 22:00,6,error2
24/5/2015 8:00,6,error5
1/6/2015 1:00,6,error2
3/6/2015 7:00,6,error2
11/8/2015 4:00,6,error2
20/8/2015 6:00,6,error4
14/9/2015 10:00,6,error2
18/9/2015 20:00,6,error1
26/9/2015 8:00,6,error2
5/10/2015 21:00,6,error1
15/10/2015 16:00,6,error3
21/10/2015 22:00,6,error1
23/10/2015 19:00,6,error2
13/11/2015 3:00,6,error1
7/12/2015 6:00,6,error4
10/12/2015 22:00,6,error3
17/1/2015 20:00,7,error1
21/1/2015 7:00,7,error3
23/1/2015 6:00,7,error2
23/1/2015 6:00,7,error3
23/1/2015 6:00,7,error5
7/2/2015 6:00,7,error1
9/3/2015 18:00,7,error4
10/3/2015 22:00,7,error2
21/3/2015 5:00,7,error3
27/3/2015 22:00,7,error2
12/4/2015 8:00,7,error1
23/4/2015 6:00,7,error1
23/4/2015 9:00,7,error4
8/5/2015 6:00,7,error5
13/5/2015 11:00,7,error2
23/5/2015 6:00,7,error2
23/5/2015 6:00,7,error3
24/6/2015 8:00,7,error3
29/6/2015 0:00,7,error1
7/7/2015 6:00,7,error2
7/7/2015 6:00,7,error3
13/7/2015 5:00,7,error2
7/8/2015 18:00,7,error2
9/8/2015 6:00,7,error3
11/8/2015 12:00,7,error1
30/8/2015 22:00,7,error4
8/9/2015 19:00,7,error2
17/9/2015 18:00,7,error1
20/9/2015 6:00,7,error5
22/9/2015 19:00,7,error2
13/10/2015 8:00,7,error4
20/10/2015 6:00,7,error2
20/10/2015 6:00,7,error3
31/10/2015 10:00,7,error2
18/11/2015 14:00,7,error3
24/11/2015 22:00,7,error3
9/12/2015 11:00,7,error2
16/12/2015 13:00,7,error3
19/12/2015 6:00,7,error1
5/1/2015 5:00,8,error2
7/1/2015 7:00,8,error1
15/1/2015 2:00,8,error1
3/2/2015 6:00,8,error1
3/2/2015 23:00,8,error4
16/2/2015 17:00,8,error3
20/2/2015 23:00,8,error3
6/3/2015 6:00,8,error2
6/3/2015 6:00,8,error3
21/3/2015 6:00,8,error5
26/3/2015 16:00,8,error2
6/4/2015 7:00,8,error2
20/4/2015 6:00,8,error2
20/4/2015 6:00,8,error3
30/4/2015 22:00,8,error2
8/5/2015 8:00,8,error1
28/5/2015 1:00,8,error2
9/6/2015 12:00,8,error3
28/6/2015 20:00,8,error4
2/7/2015 10:00,8,error2
4/7/2015 17:00,8,error2
3/8/2015 6:00,8,error5
14/8/2015 11:00,8,error3
24/8/2015 9:00,8,error2
18/9/2015 11:00,8,error3
7/10/2015 19:00,8,error4
10/10/2015 6:00,8,error4
15/10/2015 2:00,8,error3
17/10/2015 6:00,8,error5
30/10/2015 17:00,8,error5
3/11/2015 8:00,8,error5
15/11/2015 22:00,8,error2
18/11/2015 22:00,8,error3
19/11/2015 10:00,8,error2
15/12/2015 3:00,8,error2
16/12/2015 19:00,8,error4
19/12/2015 11:00,8,error4
23/12/2015 7:00,8,error4
23/12/2015 17:00,8,error2
24/12/2015 7:00,8,error4
30/12/2015 21:00,8,error4
1/1/2016 5:00,8,error3
4/1/2015 4:00,9,error4
5/1/2015 20:00,9,error3
25/1/2015 2:00,9,error1
18/2/2015 20:00,9,error2
3/3/2015 6:00,9,error1
9/3/2015 11:00,9,error1
22/3/2015 8:00,9,error3
1/4/2015 5:00,9,error4
10/4/2015 12:00,9,error5
29/4/2015 4:00,9,error1
5/6/2015 11:00,9,error2
14/6/2015 13:00,9,error4
16/6/2015 6:00,9,error2
16/6/2015 6:00,9,error3
17/6/2015 23:00,9,error4
19/6/2015 13:00,9,error1
22/6/2015 0:00,9,error4
1/7/2015 6:00,9,error1
16/7/2015 6:00,9,error2
16/7/2015 6:00,9,error3
30/7/2015 9:00,9,error3
8/8/2015 8:00,9,error4
16/8/2015 5:00,9,error1
18/8/2015 13:00,9,error4
18/8/2015 15:00,9,error1
30/8/2015 6:00,9,error2
30/8/2015 6:00,9,error3
14/9/2015 6:00,9,error1
12/10/2015 1:00,9,error2
14/10/2015 6:00,9,error2
14/10/2015 6:00,9,error3
13/11/2015 6:00,9,error1
19/11/2015 4:00,9,error3
22/11/2015 14:00,9,error3
24/11/2015 14:00,9,error3
1/12/2015 3:00,9,error2
13/12/2015 6:00,9,error2
13/12/2015 6:00,9,error3
13/12/2015 7:00,9,error4
27/12/2015 10:00,9,error2
1/1/2015 20:00,10,error1
6/1/2015 4:00,10,error3
18/1/2015 6:00,10,error2
18/1/2015 6:00,10,error3
22/1/2015 5:00,10,error1
29/1/2015 3:00,10,error4
10/2/2015 0:00,10,error1
11/2/2015 3:00,10,error1
12/2/2015 23:00,10,error5
13/2/2015 10:00,10,error3
4/3/2015 0:00,10,error2
5/3/2015 15:00,10,error3
18/3/2015 11:00,10,error1
21/3/2015 14:00,10,error4
26/3/2015 8:00,10,error1
3/4/2015 6:00,10,error2
3/4/2015 6:00,10,error3
6/4/2015 5:00,10,error2
14/4/2015 0:00,10,error3
14/4/2015 9:00,10,error1
18/5/2015 6:00,10,error2
18/5/2015 6:00,10,error3
31/5/2015 3:00,10,error1
2/6/2015 6:00,10,error1
12/6/2015 12:00,10,error4
16/6/2015 6:00,10,error1
17/6/2015 6:00,10,error2
17/6/2015 6:00,10,error3
1/7/2015 14:00,10,error3
25/7/2015 16:00,10,error3
29/7/2015 4:00,10,error5
6/8/2015 7:00,10,error2
10/8/2015 4:00,10,error3
17/8/2015 8:00,10,error4
10/9/2015 11:00,10,error1
14/9/2015 17:00,10,error1
18/9/2015 5:00,10,error1
5/10/2015 0:00,10,error1
27/10/2015 13:00,10,error3
31/10/2015 18:00,10,error1
9/11/2015 17:00,10,error1
21/11/2015 6:00,10,error3
8/12/2015 21:00,10,error2
17/12/2015 9:00,10,error1
23/12/2015 13:00,10,error2
19/1/2015 6:00,11,error2
19/1/2015 6:00,11,error3
15/2/2015 1:00,11,error4
18/2/2015 6:00,11,error4
26/2/2015 23:00,11,error4
20/3/2015 7:00,11,error3
8/4/2015 2:00,11,error1
12/4/2015 12:00,11,error3
15/4/2015 2:00,11,error1
19/4/2015 6:00,11,error2
19/4/2015 6:00,11,error3
19/4/2015 6:00,11,error4
10/5/2015 22:00,11,error4
25/5/2015 23:00,11,error1
8/6/2015 8:00,11,error3
16/6/2015 8:00,11,error1
17/6/2015 2:00,11,error2
21/6/2015 13:00,11,error4
15/7/2015 0:00,11,error2
18/7/2015 7:00,11,error2
20/8/2015 14:00,11,error3
25/8/2015 22:00,11,error2
26/8/2015 16:00,11,error4
4/9/2015 13:00,11,error4
13/9/2015 4:00,11,error1
29/9/2015 17:00,11,error4
1/10/2015 6:00,11,error4
8/10/2015 1:00,11,error3
11/10/2015 7:00,11,error1
20/10/2015 16:00,11,error1
2/11/2015 13:00,11,error4
3/11/2015 17:00,11,error2
8/11/2015 8:00,11,error3
14/11/2015 9:00,11,error2
4/12/2015 1:00,11,error2
11/12/2015 10:00,11,error2
15/12/2015 6:00,11,error4
15/12/2015 21:00,11,error2
17/12/2015 3:00,11,error3
6/1/2015 6:00,12,error1
6/1/2015 6:00,12,error2
6/1/2015 6:00,12,error3
16/1/2015 20:00,12,error3
6/2/2015 13:00,12,error2
14/3/2015 15:00,12,error2
22/3/2015 6:00,12,error2
22/3/2015 6:00,12,error3
3/4/2015 5:00,12,error3
5/4/2015 0:00,12,error4
10/4/2015 17:00,12,error2
25/4/2015 19:00,12,error3
26/4/2015 5:00,12,error4
4/5/2015 3:00,12,error2
14/5/2015 10:00,12,error1
29/5/2015 12:00,12,error2
13/6/2015 10:00,12,error3
28/6/2015 19:00,12,error3
5/7/2015 6:00,12,error1
15/7/2015 2:00,12,error5
17/7/2015 9:00,12,error2
22/7/2015 18:00,12,error5
5/8/2015 5:00,12,error2
16/8/2015 17:00,12,error2
28/8/2015 20:00,12,error2
3/9/2015 6:00,12,error1
4/9/2015 20:00,12,error2
20/9/2015 5:00,12,error4
30/9/2015 12:00,12,error1
1/10/2015 15:00,12,error2
3/10/2015 0:00,12,error4
3/10/2015 6:00,12,error2
3/10/2015 6:00,12,error3
3/10/2015 22:00,12,error2
8/10/2015 23:00,12,error1
9/10/2015 22:00,12,error1
4/11/2015 22:00,12,error1
5/11/2015 5:00,12,error1
27/11/2015 0:00,12,error3
28/11/2015 23:00,12,error2
12/12/2015 16:00,12,error4
10/1/2015 4:00,13,error5
13/1/2015 21:00,13,error3
26/1/2015 9:00,13,error2
27/1/2015 7:00,13,error1
28/1/2015 20:00,13,error1
10/2/2015 20:00,13,error1
13/2/2015 10:00,13,error4
14/2/2015 5:00,13,error2
25/2/2015 20:00,13,error3
10/3/2015 18:00,13,error3
20/3/2015 16:00,13,error3
6/4/2015 23:00,13,error2
10/4/2015 6:00,13,error4
10/4/2015 6:00,13,error5
13/4/2015 18:00,13,error4
5/5/2015 9:00,13,error4
9/6/2015 6:00,13,error4
24/6/2015 6:00,13,error5
9/7/2015 6:00,13,error2
9/7/2015 6:00,13,error3
29/7/2015 4:00,13,error3
4/8/2015 18:00,13,error2
8/8/2015 6:00,13,error2
8/8/2015 6:00,13,error3
23/8/2015 6:00,13,error1
23/8/2015 6:00,13,error4
25/8/2015 15:00,13,error3
3/9/2015 20:00,13,error4
18/9/2015 22:00,13,error1
22/9/2015 6:00,13,error5
29/9/2015 12:00,13,error4
4/10/2015 7:00,13,error1
22/10/2015 6:00,13,error1
23/10/2015 18:00,13,error5
6/11/2015 7:00,13,error1
26/11/2015 3:00,13,error1
6/12/2015 6:00,13,error5
13/12/2015 17:00,13,error5
21/12/2015 6:00,13,error1
21/12/2015 6:00,13,error2
21/12/2015 6:00,13,error3
21/12/2015 8:00,13,error1
1/1/2015 8:00,14,error4
3/1/2015 16:00,14,error1
24/1/2015 17:00,14,error4
27/1/2015 11:00,14,error4
30/1/2015 6:00,14,error2
30/1/2015 6:00,14,error3
9/2/2015 20:00,14,error2
18/2/2015 21:00,14,error5
19/2/2015 17:00,14,error5
1/3/2015 6:00,14,error1
7/3/2015 9:00,14,error1
7/3/2015 17:00,14,error2
16/3/2015 18:00,14,error2
17/3/2015 7:00,14,error2
17/4/2015 4:00,14,error2
20/4/2015 1:00,14,error5
11/5/2015 5:00,14,error3
12/5/2015 4:00,14,error3
31/5/2015 5:00,14,error5
2/6/2015 20:00,14,error4
19/6/2015 8:00,14,error2
25/6/2015 2:00,14,error1
26/6/2015 17:00,14,error2
14/7/2015 6:00,14,error1
14/7/2015 8:00,14,error3
29/7/2015 6:00,14,error2
29/7/2015 6:00,14,error3
14/8/2015 12:00,14,error4
22/8/2015 13:00,14,error4
28/8/2015 10:00,14,error3
20/9/2015 18:00,14,error2
2/10/2015 18:00,14,error3
13/10/2015 11:00,14,error1
21/10/2015 10:00,14,error3
30/11/2015 14:00,14,error1
17/12/2015 0:00,14,error5
22/12/2015 1:00,14,error2
23/12/2015 12:00,14,error1
13/1/2015 23:00,15,error4
14/1/2015 6:00,15,error3
19/1/2015 6:00,15,error2
19/1/2015 6:00,15,error3
19/1/2015 6:00,15,error5
22/1/2015 23:00,15,error1
11/2/2015 2:00,15,error2
14/2/2015 0:00,15,error1
21/3/2015 23:00,15,error1
24/3/2015 20:00,15,error1
28/3/2015 23:00,15,error2
6/4/2015 10:00,15,error5
12/4/2015 13:00,15,error4
23/4/2015 2:00,15,error2
10/5/2015 1:00,15,error1
30/5/2015 4:00,15,error4
1/6/2015 21:00,15,error1
2/6/2015 0:00,15,error2
3/6/2015 6:00,15,error1
11/6/2015 6:00,15,error4
17/6/2015 11:00,15,error2
18/6/2015 6:00,15,error2
22/6/2015 10:00,15,error1
24/6/2015 10:00,15,error1
3/7/2015 17:00,15,error4
5/7/2015 15:00,15,error2
5/7/2015 21:00,15,error2
7/7/2015 14:00,15,error1
22/7/2015 0:00,15,error2
2/8/2015 6:00,15,error1
9/8/2015 15:00,15,error4
1/9/2015 6:00,15,error2
23/9/2015 15:00,15,error3
2/10/2015 13:00,15,error3
5/10/2015 20:00,15,error3
7/10/2015 1:00,15,error1
7/10/2015 20:00,15,error4
15/10/2015 13:00,15,error4
26/10/2015 1:00,15,error2
31/10/2015 6:00,15,error2
31/10/2015 6:00,15,error3
31/10/2015 6:00,15,error5
6/11/2015 14:00,15,error1
11/11/2015 6:00,15,error3
13/11/2015 19:00,15,error2
14/11/2015 19:00,15,error4
19/11/2015 13:00,15,error1
20/11/2015 23:00,15,error4
22/11/2015 8:00,15,error3
21/12/2015 22:00,15,error3
30/12/2015 6:00,15,error5
16/1/2015 6:00,16,error1
9/2/2015 2:00,16,error3
13/2/2015 0:00,16,error1
22/2/2015 5:00,16,error1
27/2/2015 16:00,16,error3
2/3/2015 6:00,16,error4
10/3/2015 1:00,16,error3
10/3/2015 19:00,16,error5
13/3/2015 17:00,16,error5
25/3/2015 12:00,16,error2
1/4/2015 6:00,16,error1
10/4/2015 18:00,16,error1
22/4/2015 3:00,16,error3
22/4/2015 10:00,16,error1
28/4/2015 8:00,16,error4
28/4/2015 14:00,16,error1
16/5/2015 6:00,16,error4
21/5/2015 14:00,16,error1
28/5/2015 17:00,16,error2
31/5/2015 6:00,16,error2
31/5/2015 6:00,16,error3
15/6/2015 6:00,16,error1
22/6/2015 11:00,16,error3
30/6/2015 6:00,16,error2
30/6/2015 6:00,16,error3
30/6/2015 6:00,16,error4
7/7/2015 12:00,16,error2
7/7/2015 17:00,16,error3
7/7/2015 21:00,16,error4
1/8/2015 20:00,16,error4
5/8/2015 8:00,16,error1
14/8/2015 6:00,16,error4
22/9/2015 0:00,16,error1
24/9/2015 0:00,16,error1
4/10/2015 12:00,16,error3
13/10/2015 6:00,16,error4
26/11/2015 2:00,16,error3
27/11/2015 6:00,16,error2
27/11/2015 6:00,16,error3
7/12/2015 2:00,16,error1
16/12/2015 20:00,16,error3
15/1/2015 6:00,17,error4
26/1/2015 23:00,17,error2
4/2/2015 0:00,17,error3
13/2/2015 1:00,17,error2
14/2/2015 6:00,17,error2
14/2/2015 6:00,17,error3
17/2/2015 4:00,17,error2
4/3/2015 15:00,17,error1
6/3/2015 8:00,17,error4
10/3/2015 18:00,17,error3
16/3/2015 6:00,17,error4
22/3/2015 6:00,17,error1
27/3/2015 22:00,17,error2
31/3/2015 6:00,17,error2
31/3/2015 6:00,17,error3
31/3/2015 6:00,17,error5
16/4/2015 12:00,17,error1
29/4/2015 11:00,17,error4
15/5/2015 6:00,17,error1
19/5/2015 14:00,17,error4
24/5/2015 16:00,17,error3
10/6/2015 8:00,17,error1
14/6/2015 6:00,17,error4
14/7/2015 6:00,17,error2
14/7/2015 6:00,17,error3
16/7/2015 0:00,17,error3
24/7/2015 20:00,17,error2
25/7/2015 13:00,17,error4
28/7/2015 4:00,17,error2
29/7/2015 6:00,17,error1
1/8/2015 23:00,17,error1
8/8/2015 22:00,17,error3
13/8/2015 2:00,17,error1
28/8/2015 6:00,17,error5
4/9/2015 18:00,17,error1
6/9/2015 4:00,17,error2
9/9/2015 0:00,17,error2
16/9/2015 6:00,17,error5
21/9/2015 21:00,17,error3
7/10/2015 18:00,17,error1
11/10/2015 1:00,17,error2
16/10/2015 2:00,17,error2
18/10/2015 2:00,17,error4
27/10/2015 6:00,17,error4
27/10/2015 6:00,17,error5
25/11/2015 18:00,17,error2
26/11/2015 6:00,17,error2
26/11/2015 6:00,17,error3
26/12/2015 6:00,17,error1
6/1/2015 19:00,18,error1
7/1/2015 20:00,18,error5
10/1/2015 2:00,18,error5
24/1/2015 6:00,18,error1
29/1/2015 6:00,18,error5
13/2/2015 9:00,18,error4
16/2/2015 14:00,18,error1
7/3/2015 10:00,18,error2
10/3/2015 18:00,18,error4
25/3/2015 5:00,18,error4
25/3/2015 6:00,18,error1
25/3/2015 8:00,18,error2
30/3/2015 6:00,18,error1
2/4/2015 7:00,18,error3
12/4/2015 16:00,18,error4
12/5/2015 23:00,18,error5
14/5/2015 6:00,18,error5
15/5/2015 13:00,18,error2
15/5/2015 18:00,18,error3
19/5/2015 15:00,18,error2
24/5/2015 14:00,18,error4
6/6/2015 6:00,18,error1
18/6/2015 17:00,18,error2
19/6/2015 19:00,18,error1
28/6/2015 6:00,18,error2
28/6/2015 6:00,18,error3
29/6/2015 18:00,18,error1
5/7/2015 5:00,18,error2
6/7/2015 8:00,18,error3
28/7/2015 6:00,18,error2
28/7/2015 6:00,18,error3
29/7/2015 8:00,18,error2
30/7/2015 2:00,18,error1
1/8/2015 8:00,18,error3
27/8/2015 6:00,18,error5
8/9/2015 12:00,18,error4
11/9/2015 6:00,18,error2
11/9/2015 6:00,18,error3
6/10/2015 0:00,18,error4
9/10/2015 14:00,18,error3
23/10/2015 12:00,18,error5
26/10/2015 6:00,18,error5
31/10/2015 13:00,18,error1
9/11/2015 12:00,18,error3
20/11/2015 9:00,18,error2
21/12/2015 8:00,18,error4
2/1/2015 4:00,19,error2
12/1/2015 6:00,19,error1
23/1/2015 23:00,19,error4
24/1/2015 6:00,19,error2
26/2/2015 6:00,19,error5
1/3/2015 13:00,19,error4
15/3/2015 12:00,19,error4
23/3/2015 3:00,19,error1
4/4/2015 10:00,19,error2
12/4/2015 6:00,19,error5
18/4/2015 4:00,19,error1
12/5/2015 1:00,19,error2
18/6/2015 3:00,19,error4
26/6/2015 6:00,19,error5
11/7/2015 21:00,19,error4
16/7/2015 5:00,19,error4
2/8/2015 15:00,19,error2
6/8/2015 12:00,19,error1
6/9/2015 14:00,19,error2
9/9/2015 6:00,19,error5
25/9/2015 13:00,19,error4
28/9/2015 16:00,19,error3
7/10/2015 10:00,19,error2
4/11/2015 17:00,19,error1
23/11/2015 6:00,19,error5
8/12/2015 6:00,19,error1
10/12/2015 23:00,19,error1
22/12/2015 16:00,19,error3
3/1/2015 6:00,20,error2
3/1/2015 6:00,20,error3
18/1/2015 6:00,20,error5
19/1/2015 16:00,20,error1
1/2/2015 2:00,20,error2
2/2/2015 6:00,20,error4
3/2/2015 23:00,20,error4
4/2/2015 22:00,20,error2
16/2/2015 23:00,20,error1
17/2/2015 20:00,20,error3
23/2/2015 14:00,20,error3
24/2/2015 2:00,20,error4
19/3/2015 6:00,20,error2
19/3/2015 6:00,20,error3
3/4/2015 6:00,20,error4
9/4/2015 19:00,20,error4
12/4/2015 12:00,20,error1
14/4/2015 9:00,20,error2
18/4/2015 6:00,20,error5
28/4/2015 6:00,20,error3
5/5/2015 0:00,20,error4
7/5/2015 22:00,20,error4
16/5/2015 2:00,20,error1
26/5/2015 4:00,20,error1
1/6/2015 4:00,20,error3
4/6/2015 15:00,20,error5
7/7/2015 1:00,20,error1
11/7/2015 5:00,20,error1
17/7/2015 6:00,20,error1
11/8/2015 21:00,20,error2
16/8/2015 1:00,20,error3
16/8/2015 6:00,20,error5
30/9/2015 6:00,20,error2
30/9/2015 6:00,20,error3
5/10/2015 0:00,20,error5
12/10/2015 10:00,20,error4
25/10/2015 1:00,20,error2
30/10/2015 6:00,20,error4
11/11/2015 7:00,20,error4
14/11/2015 6:00,20,error2
14/11/2015 6:00,20,error3
13/12/2015 6:00,20,error1
14/12/2015 6:00,20,error1
23/12/2015 10:00,20,error2
27/12/2015 17:00,20,error4
29/12/2015 6:00,20,error5
30/12/2015 0:00,20,error3
22/1/2015 6:00,21,error4
16/2/2015 8:00,21,error2
16/3/2015 15:00,21,error2
7/4/2015 6:00,21,error5
8/4/2015 8:00,21,error1
26/4/2015 18:00,21,error1
7/5/2015 6:00,21,error1
13/5/2015 5:00,21,error4
18/6/2015 18:00,21,error2
23/6/2015 9:00,21,error1
26/6/2015 19:00,21,error2
9/7/2015 21:00,21,error4
5/8/2015 6:00,21,error2
5/8/2015 6:00,21,error3
5/8/2015 6:00,21,error5
9/8/2015 5:00,21,error1
22/8/2015 21:00,21,error2
28/8/2015 2:00,21,error2
4/9/2015 6:00,21,error4
6/9/2015 8:00,21,error2
7/9/2015 22:00,21,error3
19/9/2015 6:00,21,error5
4/10/2015 6:00,21,error2
4/10/2015 6:00,21,error3
5/10/2015 13:00,21,error4
9/10/2015 17:00,21,error1
22/10/2015 17:00,21,error1
1/11/2015 7:00,21,error3
3/11/2015 6:00,21,error5
5/11/2015 2:00,21,error2
6/11/2015 8:00,21,error2
8/11/2015 19:00,21,error4
12/11/2015 1:00,21,error4
26/11/2015 19:00,21,error2
3/12/2015 6:00,21,error2
3/12/2015 6:00,21,error3
7/12/2015 7:00,21,error1
18/12/2015 6:00,21,error4
21/12/2015 15:00,21,error1
26/12/2015 11:00,21,error4
12/1/2015 23:00,22,error1
13/1/2015 1:00,22,error4
18/1/2015 1:00,22,error3
19/1/2015 21:00,22,error5
22/1/2015 5:00,22,error1
28/1/2015 3:00,22,error3
4/2/2015 17:00,22,error5
5/2/2015 6:00,22,error4
19/2/2015 9:00,22,error1
22/3/2015 6:00,22,error2
22/3/2015 6:00,22,error3
22/3/2015 6:00,22,error5
22/3/2015 22:00,22,error4
28/3/2015 15:00,22,error3
1/4/2015 13:00,22,error3
6/4/2015 6:00,22,error4
21/4/2015 6:00,22,error2
21/4/2015 6:00,22,error3
22/4/2015 22:00,22,error1
27/4/2015 22:00,22,error2
28/4/2015 0:00,22,error3
17/5/2015 14:00,22,error5
21/5/2015 6:00,22,error1
21/5/2015 6:00,22,error4
20/6/2015 6:00,22,error5
21/6/2015 22:00,22,error3
5/7/2015 6:00,22,error2
5/7/2015 6:00,22,error3
5/7/2015 21:00,22,error4
7/7/2015 19:00,22,error4
19/7/2015 8:00,22,error1
4/8/2015 6:00,22,error5
9/8/2015 0:00,22,error3
18/8/2015 7:00,22,error1
19/8/2015 6:00,22,error4
19/8/2015 12:00,22,error4
20/8/2015 18:00,22,error4
23/8/2015 22:00,22,error4
27/8/2015 2:00,22,error2
30/8/2015 10:00,22,error4
18/9/2015 6:00,22,error2
18/9/2015 6:00,22,error3
25/9/2015 0:00,22,error2
30/9/2015 9:00,22,error4
19/10/2015 13:00,22,error1
23/10/2015 6:00,22,error1
30/10/2015 6:00,22,error5
2/11/2015 6:00,22,error4
4/11/2015 16:00,22,error4
11/11/2015 12:00,22,error4
17/11/2015 6:00,22,error5
17/11/2015 23:00,22,error3
24/11/2015 2:00,22,error1
27/11/2015 10:00,22,error3
2/12/2015 18:00,22,error4
4/12/2015 15:00,22,error1
4/12/2015 23:00,22,error2
14/12/2015 1:00,22,error4
16/12/2015 13:00,22,error3
26/12/2015 11:00,22,error1
4/1/2015 6:00,23,error2
4/1/2015 6:00,23,error3
19/1/2015 6:00,23,error5
26/1/2015 1:00,23,error2
28/1/2015 6:00,23,error5
15/2/2015 1:00,23,error5
20/3/2015 6:00,23,error1
20/3/2015 6:00,23,error5
4/4/2015 6:00,23,error1
6/4/2015 6:00,23,error5
8/4/2015 12:00,23,error2
9/4/2015 20:00,23,error1
1/5/2015 17:00,23,error5
10/5/2015 2:00,23,error1
3/6/2015 6:00,23,error4
18/6/2015 19:00,23,error4
1/7/2015 0:00,23,error3
18/7/2015 6:00,23,error2
18/7/2015 6:00,23,error3
25/7/2015 3:00,23,error1
2/8/2015 6:00,23,error4
25/8/2015 7:00,23,error1
1/9/2015 6:00,23,error2
1/9/2015 6:00,23,error3
6/9/2015 13:00,23,error1
19/9/2015 5:00,23,error1
1/10/2015 6:00,23,error4
1/10/2015 20:00,23,error2
16/10/2015 6:00,23,error5
25/10/2015 14:00,23,error2
30/10/2015 13:00,23,error3
15/11/2015 6:00,23,error4
20/11/2015 18:00,23,error2
14/12/2015 14:00,23,error2
15/12/2015 6:00,23,error5
23/12/2015 1:00,23,error4
31/12/2015 20:00,23,error3
1/1/2015 6:00,24,error1
15/2/2015 6:00,24,error1
19/2/2015 9:00,24,error3
1/4/2015 6:00,24,error5
16/4/2015 6:00,24,error4
22/4/2015 15:00,24,error2
8/5/2015 1:00,24,error1
9/5/2015 4:00,24,error2
17/5/2015 10:00,24,error4
11/6/2015 19:00,24,error4
30/6/2015 6:00,24,error4
15/7/2015 4:00,24,error3
18/7/2015 5:00,24,error4
19/7/2015 15:00,24,error2
30/7/2015 6:00,24,error5
2/8/2015 6:00,24,error1
3/8/2015 14:00,24,error3
19/8/2015 12:00,24,error1
19/8/2015 13:00,24,error4
23/8/2015 4:00,24,error2
28/8/2015 15:00,24,error1
30/8/2015 23:00,24,error1
14/9/2015 12:00,24,error4
28/9/2015 6:00,24,error1
1/10/2015 4:00,24,error1
13/10/2015 6:00,24,error4
12/11/2015 6:00,24,error5
19/11/2015 15:00,24,error4
27/11/2015 6:00,24,error4
7/12/2015 2:00,24,error2
17/12/2015 1:00,24,error4
17/12/2015 16:00,24,error3
24/12/2015 19:00,24,error3
6/1/2015 6:00,25,error1
24/1/2015 19:00,25,error4
28/1/2015 0:00,25,error2
3/2/2015 23:00,25,error2
16/2/2015 7:00,25,error1
27/2/2015 9:00,25,error4
4/3/2015 6:00,25,error1
17/3/2015 17:00,25,error3
23/3/2015 21:00,25,error1
16/4/2015 4:00,25,error2
16/4/2015 13:00,25,error2
28/4/2015 2:00,25,error1
3/5/2015 6:00,25,error5
5/5/2015 12:00,25,error1
22/5/2015 6:00,25,error4
2/6/2015 6:00,25,error1
2/6/2015 6:00,25,error2
2/6/2015 6:00,25,error3
4/6/2015 14:00,25,error2
6/6/2015 20:00,25,error1
10/6/2015 9:00,25,error3
11/6/2015 22:00,25,error3
26/6/2015 4:00,25,error4
9/7/2015 10:00,25,error3
26/7/2015 3:00,25,error1
3/8/2015 18:00,25,error3
16/8/2015 6:00,25,error2
16/8/2015 6:00,25,error3
16/8/2015 6:00,25,error5
18/8/2015 0:00,25,error2
1/9/2015 11:00,25,error3
15/10/2015 18:00,25,error2
21/10/2015 20:00,25,error5
30/10/2015 6:00,25,error2
30/10/2015 6:00,25,error3
29/11/2015 6:00,25,error5
11/12/2015 9:00,25,error2
29/1/2015 22:00,26,error1
19/2/2015 6:00,26,error1
27/2/2015 1:00,26,error4
17/3/2015 9:00,26,error2
28/3/2015 7:00,26,error1
5/4/2015 6:00,26,error1
14/4/2015 23:00,26,error1
20/4/2015 13:00,26,error3
25/4/2015 16:00,26,error3
30/4/2015 15:00,26,error3
4/5/2015 2:00,26,error1
5/5/2015 21:00,26,error3
13/5/2015 15:00,26,error2
17/5/2015 16:00,26,error1
20/6/2015 8:00,26,error1
25/6/2015 5:00,26,error4
1/7/2015 22:00,26,error1
4/7/2015 17:00,26,error3
11/7/2015 11:00,26,error2
26/7/2015 15:00,26,error3
15/8/2015 11:00,26,error1
16/8/2015 18:00,26,error2
18/8/2015 6:00,26,error2
18/8/2015 6:00,26,error3
25/8/2015 17:00,26,error4
2/9/2015 6:00,26,error1
17/9/2015 15:00,26,error5
19/9/2015 9:00,26,error3
4/10/2015 12:00,26,error2
12/10/2015 11:00,26,error1
17/10/2015 6:00,26,error2
17/10/2015 6:00,26,error3
24/10/2015 19:00,26,error1
1/11/2015 6:00,26,error1
10/11/2015 13:00,26,error4
16/11/2015 6:00,26,error2
16/11/2015 6:00,26,error3
17/11/2015 18:00,26,error4
5/12/2015 6:00,26,error3
7/12/2015 14:00,26,error4
25/12/2015 17:00,26,error2
26/12/2015 4:00,26,error4
3/1/2015 21:00,27,error1
5/1/2015 20:00,27,error1
6/1/2015 18:00,27,error4
9/1/2015 6:00,27,error2
9/1/2015 6:00,27,error3
15/1/2015 15:00,27,error4
24/1/2015 6:00,27,error1
31/1/2015 19:00,27,error3
15/2/2015 8:00,27,error1
16/2/2015 18:00,27,error4
23/2/2015 6:00,27,error2
23/2/2015 6:00,27,error3
2/3/2015 13:00,27,error2
23/3/2015 7:00,27,error2
7/4/2015 1:00,27,error5
23/4/2015 10:00,27,error1
30/4/2015 23:00,27,error3
8/5/2015 7:00,27,error3
21/6/2015 2:00,27,error3
21/6/2015 10:00,27,error1
29/6/2015 12:00,27,error4
3/8/2015 13:00,27,error1
23/8/2015 14:00,27,error3
31/8/2015 21:00,27,error5
14/9/2015 3:00,27,error2
8/10/2015 4:00,27,error2
20/10/2015 21:00,27,error4
23/10/2015 6:00,27,error2
25/10/2015 22:00,27,error4
2/11/2015 14:00,27,error2
26/12/2015 17:00,27,error4
11/1/2015 6:00,28,error4
25/1/2015 22:00,28,error4
26/1/2015 14:00,28,error1
27/1/2015 16:00,28,error3
1/2/2015 16:00,28,error1
6/3/2015 2:00,28,error2
9/3/2015 5:00,28,error4
16/3/2015 6:00,28,error2
16/3/2015 6:00,28,error3
16/3/2015 12:00,28,error2
30/3/2015 7:00,28,error4
31/3/2015 7:00,28,error2
12/4/2015 1:00,28,error1
14/4/2015 2:00,28,error1
30/4/2015 6:00,28,error1
10/5/2015 23:00,28,error1
24/5/2015 18:00,28,error5
4/6/2015 14:00,28,error3
9/6/2015 20:00,28,error2
12/6/2015 16:00,28,error3
14/6/2015 6:00,28,error2
14/6/2015 6:00,28,error3
18/6/2015 5:00,28,error3
8/7/2015 23:00,28,error4
13/7/2015 20:00,28,error2
30/7/2015 4:00,28,error2
2/8/2015 0:00,28,error1
3/8/2015 3:00,28,error2
13/8/2015 6:00,28,error1
24/8/2015 6:00,28,error3
7/9/2015 22:00,28,error2
9/9/2015 11:00,28,error2
28/9/2015 23:00,28,error5
19/10/2015 9:00,28,error1
13/11/2015 12:00,28,error2
26/11/2015 23:00,28,error1
17/12/2015 14:00,28,error3
24/12/2015 9:00,28,error1
26/12/2015 6:00,28,error1
27/12/2015 16:00,28,error1
6/1/2015 3:00,29,error1
9/1/2015 10:00,29,error1
19/1/2015 17:00,29,error1
24/1/2015 20:00,29,error2
26/1/2015 20:00,29,error4
4/2/2015 20:00,29,error1
5/2/2015 1:00,29,error5
11/2/2015 18:00,29,error4
2/3/2015 6:00,29,error1
16/3/2015 11:00,29,error3
17/3/2015 8:00,29,error4
26/3/2015 16:00,29,error1
27/3/2015 8:00,29,error4
28/3/2015 23:00,29,error4
4/4/2015 17:00,29,error3
9/4/2015 16:00,29,error1
10/4/2015 12:00,29,error2
17/4/2015 3:00,29,error4
25/4/2015 22:00,29,error2
3/5/2015 23:00,29,error3
4/5/2015 18:00,29,error1
20/5/2015 4:00,29,error1
24/5/2015 18:00,29,error2
12/6/2015 16:00,29,error2
6/7/2015 4:00,29,error5
6/7/2015 5:00,29,error1
14/7/2015 6:00,29,error1
29/7/2015 1:00,29,error3
29/7/2015 16:00,29,error4
1/8/2015 2:00,29,error1
9/9/2015 11:00,29,error1
22/9/2015 4:00,29,error4
1/10/2015 11:00,29,error1
13/10/2015 1:00,29,error4
14/10/2015 15:00,29,error4
1/11/2015 5:00,29,error1
15/11/2015 8:00,29,error5
22/11/2015 15:00,29,error2
27/11/2015 6:00,29,error2
27/11/2015 6:00,29,error3
16/12/2015 10:00,29,error4
18/12/2015 3:00,29,error1
24/12/2015 17:00,29,error2
2/1/2015 3:00,30,error1
5/1/2015 14:00,30,error4
8/1/2015 6:00,30,error5
10/1/2015 13:00,30,error2
11/1/2015 2:00,30,error1
16/1/2015 6:00,30,error2
18/1/2015 16:00,30,error4
29/1/2015 11:00,30,error2
13/2/2015 10:00,30,error1
17/2/2015 6:00,30,error1
18/3/2015 19:00,30,error4
22/3/2015 12:00,30,error4
24/3/2015 6:00,30,error5
24/3/2015 16:00,30,error2
12/4/2015 20:00,30,error3
26/4/2015 0:00,30,error3
29/5/2015 22:00,30,error1
13/6/2015 3:00,30,error2
22/6/2015 17:00,30,error3
4/7/2015 19:00,30,error1
24/7/2015 4:00,30,error3
6/8/2015 6:00,30,error2
6/8/2015 6:00,30,error3
6/8/2015 6:00,30,error5
11/8/2015 23:00,30,error1
20/8/2015 22:00,30,error1
25/9/2015 20:00,30,error1
2/10/2015 16:00,30,error1
7/10/2015 13:00,30,error2
19/10/2015 4:00,30,error2
27/10/2015 6:00,30,error2
27/10/2015 18:00,30,error5
2/11/2015 17:00,30,error4
13/11/2015 21:00,30,error4
18/11/2015 20:00,30,error2
21/11/2015 10:00,30,error1
1/12/2015 13:00,30,error4
4/12/2015 6:00,30,error5
27/12/2015 17:00,30,error1
1/1/2016 5:00,30,error2
5/1/2015 13:00,31,error1
8/1/2015 15:00,31,error2
3/2/2015 5:00,31,error2
22/3/2015 6:00,31,error4
5/4/2015 7:00,31,error2
21/5/2015 6:00,31,error1
25/5/2015 14:00,31,error4
2/6/2015 22:00,31,error1
3/6/2015 19:00,31,error5
5/7/2015 6:00,31,error3
5/7/2015 6:00,31,error4
6/7/2015 23:00,31,error5
25/7/2015 23:00,31,error2
28/8/2015 6:00,31,error2
3/9/2015 6:00,31,error4
23/9/2015 10:00,31,error2
18/10/2015 6:00,31,error2
18/10/2015 6:00,31,error3
7/11/2015 8:00,31,error1
14/11/2015 4:00,31,error4
17/11/2015 6:00,31,error1
17/11/2015 6:00,31,error4
20/11/2015 19:00,31,error1
3/12/2015 20:00,31,error2
15/12/2015 14:00,31,error3
18/12/2015 9:00,31,error4
9/1/2015 6:00,32,error1
6/2/2015 20:00,32,error3
8/2/2015 6:00,32,error5
16/2/2015 23:00,32,error2
26/2/2015 5:00,32,error4
4/3/2015 21:00,32,error5
10/3/2015 6:00,32,error1
27/3/2015 2:00,32,error2
28/3/2015 7:00,32,error2
5/4/2015 7:00,32,error4
9/4/2015 6:00,32,error5
30/4/2015 16:00,32,error3
9/5/2015 6:00,32,error2
9/5/2015 6:00,32,error3
20/5/2015 10:00,32,error2
23/5/2015 7:00,32,error2
1/6/2015 0:00,32,error4
23/6/2015 6:00,32,error2
23/6/2015 6:00,32,error3
23/6/2015 6:00,32,error5
7/7/2015 20:00,32,error4
30/7/2015 21:00,32,error4
7/8/2015 6:00,32,error1
29/8/2015 13:00,32,error2
3/9/2015 9:00,32,error1
4/9/2015 20:00,32,error3
10/9/2015 10:00,32,error3
12/9/2015 6:00,32,error1
16/9/2015 11:00,32,error4
21/9/2015 6:00,32,error5
7/10/2015 14:00,32,error2
26/10/2015 14:00,32,error2
26/10/2015 21:00,32,error2
5/11/2015 6:00,32,error1
24/11/2015 20:00,32,error4
17/12/2015 17:00,32,error4
23/12/2015 19:00,32,error2
24/1/2015 8:00,33,error5
27/1/2015 23:00,33,error3
30/1/2015 6:00,33,error1
30/1/2015 6:00,33,error5
27/2/2015 4:00,33,error1
13/3/2015 10:00,33,error5
31/3/2015 6:00,33,error5
14/4/2015 22:00,33,error3
15/4/2015 19:00,33,error1
30/4/2015 6:00,33,error2
30/4/2015 6:00,33,error3
23/5/2015 12:00,33,error1
30/5/2015 6:00,33,error2
30/5/2015 6:00,33,error3
11/6/2015 2:00,33,error3
14/6/2015 6:00,33,error5
14/6/2015 12:00,33,error1
1/7/2015 0:00,33,error2
3/7/2015 2:00,33,error2
11/7/2015 13:00,33,error4
16/8/2015 17:00,33,error3
28/8/2015 6:00,33,error5
31/8/2015 0:00,33,error1
11/9/2015 16:00,33,error1
14/9/2015 6:00,33,error4
27/9/2015 6:00,33,error2
27/9/2015 6:00,33,error3
16/10/2015 0:00,33,error2
24/10/2015 9:00,33,error4
11/11/2015 4:00,33,error4
11/11/2015 21:00,33,error1
14/11/2015 17:00,33,error2
26/11/2015 6:00,33,error1
5/12/2015 2:00,33,error2
20/12/2015 14:00,33,error5
24/12/2015 8:00,33,error2
28/12/2015 2:00,33,error2
14/1/2015 16:00,34,error4
8/2/2015 4:00,34,error3
11/2/2015 14:00,34,error2
1/3/2015 9:00,34,error3
2/4/2015 13:00,34,error3
6/4/2015 17:00,34,error1
15/4/2015 6:00,34,error1
27/4/2015 5:00,34,error1
11/5/2015 14:00,34,error2
20/6/2015 5:00,34,error4
22/6/2015 20:00,34,error5
24/6/2015 12:00,34,error1
9/7/2015 14:00,34,error2
25/7/2015 16:00,34,error2
4/9/2015 4:00,34,error2
25/9/2015 8:00,34,error2
26/9/2015 19:00,34,error2
30/9/2015 19:00,34,error1
1/10/2015 10:00,34,error4
3/10/2015 21:00,34,error4
23/10/2015 1:00,34,error4
27/10/2015 6:00,34,error2
27/10/2015 6:00,34,error3
29/10/2015 6:00,34,error3
7/11/2015 2:00,34,error2
11/11/2015 6:00,34,error1
25/11/2015 5:00,34,error4
4/12/2015 16:00,34,error2
7/12/2015 18:00,34,error1
11/12/2015 8:00,34,error2
11/12/2015 17:00,34,error3
15/12/2015 20:00,34,error1
20/12/2015 3:00,34,error4
28/12/2015 21:00,34,error2
2/1/2015 17:00,35,error1
5/1/2015 6:00,35,error5
6/1/2015 7:00,35,error4
23/1/2015 18:00,35,error1
4/2/2015 6:00,35,error4
9/2/2015 13:00,35,error2
13/3/2015 10:00,35,error1
21/3/2015 6:00,35,error5
27/3/2015 5:00,35,error4
5/4/2015 6:00,35,error4
13/4/2015 7:00,35,error2
14/4/2015 12:00,35,error4
5/5/2015 6:00,35,error5
5/5/2015 20:00,35,error4
19/5/2015 1:00,35,error2
20/5/2015 6:00,35,error1
1/6/2015 3:00,35,error1
8/6/2015 10:00,35,error2
9/6/2015 1:00,35,error1
5/7/2015 19:00,35,error2
19/7/2015 6:00,35,error2
19/7/2015 6:00,35,error3
29/7/2015 10:00,35,error4
3/8/2015 6:00,35,error1
7/8/2015 11:00,35,error1
12/8/2015 15:00,35,error1
22/8/2015 2:00,35,error4
28/8/2015 8:00,35,error5
4/9/2015 3:00,35,error5
17/9/2015 6:00,35,error1
17/9/2015 6:00,35,error5
18/9/2015 6:00,35,error1
9/10/2015 22:00,35,error4
11/10/2015 4:00,35,error4
24/10/2015 4:00,35,error3
29/10/2015 0:00,35,error3
6/12/2015 13:00,35,error4
19/12/2015 13:00,35,error4
29/12/2015 2:00,35,error5
30/12/2015 4:00,35,error4
6/1/2015 2:00,36,error3
10/1/2015 23:00,36,error1
16/1/2015 1:00,36,error3
21/1/2015 1:00,36,error3
21/1/2015 10:00,36,error1
19/2/2015 8:00,36,error1
20/2/2015 6:00,36,error1
21/2/2015 22:00,36,error5
20/3/2015 14:00,36,error1
21/4/2015 19:00,36,error1
21/4/2015 20:00,36,error2
26/4/2015 19:00,36,error2
4/6/2015 10:00,36,error3
5/6/2015 6:00,36,error1
11/6/2015 6:00,36,error2
20/6/2015 6:00,36,error2
20/6/2015 6:00,36,error3
16/7/2015 9:00,36,error1
28/7/2015 8:00,36,error4
2/8/2015 4:00,36,error1
10/8/2015 14:00,36,error3
28/8/2015 18:00,36,error1
3/9/2015 6:00,36,error2
3/9/2015 6:00,36,error3
2/10/2015 0:00,36,error4
4/10/2015 15:00,36,error3
4/10/2015 19:00,36,error2
20/10/2015 6:00,36,error4
30/10/2015 5:00,36,error2
31/10/2015 2:00,36,error2
11/12/2015 11:00,36,error3
18/12/2015 16:00,36,error4
3/1/2015 6:00,37,error5
4/1/2015 9:00,37,error2
13/1/2015 6:00,37,error1
18/1/2015 23:00,37,error3
19/1/2015 20:00,37,error1
2/2/2015 6:00,37,error4
16/3/2015 23:00,37,error1
2/4/2015 0:00,37,error4
3/4/2015 16:00,37,error3
18/4/2015 6:00,37,error5
21/4/2015 8:00,37,error3
27/4/2015 19:00,37,error1
4/5/2015 22:00,37,error2
18/5/2015 6:00,37,error4
2/6/2015 6:00,37,error5
2/6/2015 19:00,37,error3
3/6/2015 4:00,37,error2
4/6/2015 2:00,37,error1
17/6/2015 6:00,37,error1
18/6/2015 22:00,37,error4
2/7/2015 6:00,37,error4
3/7/2015 5:00,37,error1
11/7/2015 22:00,37,error2
17/7/2015 6:00,37,error5
18/7/2015 14:00,37,error2
16/8/2015 6:00,37,error2
16/8/2015 6:00,37,error3
24/8/2015 17:00,37,error1
15/9/2015 6:00,37,error2
15/9/2015 6:00,37,error3
25/9/2015 15:00,37,error2
30/9/2015 6:00,37,error5
16/10/2015 5:00,37,error4
17/10/2015 17:00,37,error2
19/10/2015 11:00,37,error1
2/11/2015 7:00,37,error2
3/11/2015 12:00,37,error4
14/11/2015 6:00,37,error2
14/11/2015 6:00,37,error3
23/11/2015 10:00,37,error2
28/11/2015 22:00,37,error2
29/11/2015 6:00,37,error4
14/12/2015 6:00,37,error5
7/1/2015 2:00,38,error4
16/1/2015 6:00,38,error5
18/1/2015 6:00,38,error3
20/1/2015 1:00,38,error2
21/2/2015 10:00,38,error2
3/3/2015 20:00,38,error4
12/3/2015 2:00,38,error4
22/3/2015 12:00,38,error5
27/3/2015 18:00,38,error4
1/4/2015 6:00,38,error2
1/4/2015 6:00,38,error3
3/4/2015 14:00,38,error4
13/4/2015 22:00,38,error5
16/4/2015 6:00,38,error5
1/5/2015 13:00,38,error2
9/5/2015 12:00,38,error3
21/5/2015 0:00,38,error3
23/5/2015 15:00,38,error2
6/6/2015 22:00,38,error4
20/6/2015 6:00,38,error4
30/6/2015 6:00,38,error2
30/6/2015 6:00,38,error3
10/7/2015 4:00,38,error5
2/8/2015 4:00,38,error2
13/8/2015 13:00,38,error1
16/8/2015 1:00,38,error3
17/8/2015 1:00,38,error4
18/8/2015 1:00,38,error4
20/8/2015 16:00,38,error2
29/8/2015 6:00,38,error5
6/9/2015 0:00,38,error5
17/9/2015 10:00,38,error1
1/10/2015 15:00,38,error4
12/10/2015 5:00,38,error1
14/10/2015 9:00,38,error5
22/10/2015 6:00,38,error2
25/10/2015 2:00,38,error3
18/11/2015 13:00,38,error2
12/12/2015 6:00,38,error1
12/12/2015 6:00,38,error5
15/12/2015 12:00,38,error4
19/12/2015 11:00,38,error2
20/1/2015 14:00,39,error3
12/2/2015 3:00,39,error3
18/2/2015 19:00,39,error3
22/2/2015 21:00,39,error2
5/3/2015 21:00,39,error2
14/3/2015 4:00,39,error3
24/3/2015 5:00,39,error2
29/3/2015 4:00,39,error4
31/3/2015 6:00,39,error2
31/3/2015 6:00,39,error3
8/4/2015 12:00,39,error4
18/4/2015 12:00,39,error3
14/5/2015 15:00,39,error4
13/7/2015 19:00,39,error4
14/7/2015 3:00,39,error3
23/7/2015 7:00,39,error2
28/7/2015 14:00,39,error4
29/7/2015 6:00,39,error1
2/8/2015 18:00,39,error1
22/8/2015 2:00,39,error5
7/9/2015 2:00,39,error4
7/9/2015 9:00,39,error2
24/9/2015 10:00,39,error4
25/9/2015 19:00,39,error2
30/9/2015 1:00,39,error4
3/10/2015 11:00,39,error2
5/10/2015 10:00,39,error4
5/10/2015 11:00,39,error5
8/10/2015 16:00,39,error5
12/10/2015 6:00,39,error2
12/10/2015 6:00,39,error3
15/10/2015 22:00,39,error1
11/11/2015 10:00,39,error3
15/11/2015 23:00,39,error4
24/11/2015 11:00,39,error2
26/12/2015 6:00,39,error2
26/12/2015 6:00,39,error3
3/1/2015 6:00,40,error4
3/2/2015 3:00,40,error1
6/2/2015 1:00,40,error1
16/2/2015 22:00,40,error3
17/2/2015 6:00,40,error1
24/2/2015 23:00,40,error2
26/2/2015 13:00,40,error1
1/3/2015 2:00,40,error1
3/3/2015 13:00,40,error2
4/3/2015 10:00,40,error2
3/4/2015 6:00,40,error1
9/4/2015 19:00,40,error4
12/4/2015 2:00,40,error1
15/4/2015 3:00,40,error2
21/4/2015 3:00,40,error4
12/5/2015 16:00,40,error3
14/5/2015 9:00,40,error3
2/6/2015 6:00,40,error4
17/6/2015 6:00,40,error2
17/6/2015 6:00,40,error3
2/7/2015 6:00,40,error1
15/7/2015 1:00,40,error3
20/7/2015 4:00,40,error2
4/8/2015 13:00,40,error1
5/8/2015 19:00,40,error1
8/8/2015 15:00,40,error4
14/8/2015 22:00,40,error1
16/8/2015 6:00,40,error2
16/8/2015 6:00,40,error3
27/8/2015 3:00,40,error2
1/9/2015 10:00,40,error4
5/9/2015 3:00,40,error5
20/9/2015 16:00,40,error1
7/10/2015 14:00,40,error1
12/10/2015 1:00,40,error1
15/10/2015 11:00,40,error5
30/10/2015 12:00,40,error3
29/11/2015 6:00,40,error1
14/12/2015 6:00,40,error4
17/12/2015 5:00,40,error2
20/12/2015 13:00,40,error4
28/12/2015 18:00,40,error4
3/1/2015 21:00,41,error3
24/1/2015 9:00,41,error1
31/1/2015 6:00,41,error1
14/2/2015 13:00,41,error2
17/2/2015 16:00,41,error3
20/2/2015 22:00,41,error4
5/3/2015 3:00,41,error1
9/3/2015 2:00,41,error2
3/4/2015 10:00,41,error3
16/4/2015 14:00,41,error1
16/4/2015 17:00,41,error2
1/5/2015 6:00,41,error1
2/5/2015 5:00,41,error4
10/5/2015 1:00,41,error1
20/5/2015 23:00,41,error1
26/5/2015 19:00,41,error2
11/6/2015 23:00,41,error2
13/6/2015 7:00,41,error3
22/6/2015 12:00,41,error2
6/7/2015 3:00,41,error3
7/8/2015 21:00,41,error1
13/8/2015 2:00,41,error1
20/8/2015 4:00,41,error4
23/8/2015 2:00,41,error4
24/8/2015 20:00,41,error1
7/10/2015 0:00,41,error2
28/10/2015 6:00,41,error1
3/11/2015 10:00,41,error1
11/11/2015 14:00,41,error1
26/11/2015 0:00,41,error5
3/12/2015 12:00,41,error2
1/1/2015 10:00,42,error2
20/1/2015 6:00,42,error1
23/1/2015 5:00,42,error1
3/2/2015 1:00,42,error4
11/2/2015 17:00,42,error2
5/3/2015 15:00,42,error1
10/3/2015 4:00,42,error2
11/3/2015 14:00,42,error3
13/3/2015 12:00,42,error1
5/4/2015 6:00,42,error4
10/4/2015 0:00,42,error4
11/4/2015 20:00,42,error2
20/4/2015 6:00,42,error2
5/5/2015 6:00,42,error1
5/5/2015 15:00,42,error4
13/5/2015 8:00,42,error3
4/6/2015 6:00,42,error2
4/6/2015 6:00,42,error3
19/6/2015 6:00,42,error4
25/6/2015 3:00,42,error2
29/6/2015 11:00,42,error3
21/7/2015 5:00,42,error1
27/7/2015 21:00,42,error1
28/7/2015 3:00,42,error1
8/8/2015 9:00,42,error3
14/8/2015 22:00,42,error4
18/8/2015 6:00,42,error2
18/8/2015 6:00,42,error3
20/8/2015 17:00,42,error3
17/9/2015 6:00,42,error4
11/10/2015 21:00,42,error4
19/10/2015 10:00,42,error1
23/10/2015 18:00,42,error4
3/11/2015 10:00,42,error3
16/11/2015 6:00,42,error2
16/11/2015 6:00,42,error3
13/12/2015 11:00,42,error3
16/12/2015 6:00,42,error4
1/1/2015 7:00,43,error3
25/1/2015 14:00,43,error3
4/2/2015 6:00,43,error1
19/2/2015 6:00,43,error5
2/3/2015 10:00,43,error2
5/3/2015 19:00,43,error4
11/3/2015 9:00,43,error3
13/3/2015 11:00,43,error3
18/3/2015 18:00,43,error2
21/3/2015 6:00,43,error2
21/3/2015 6:00,43,error3
8/4/2015 21:00,43,error2
18/4/2015 7:00,43,error1
10/5/2015 13:00,43,error4
18/5/2015 13:00,43,error2
20/5/2015 6:00,43,error2
20/5/2015 6:00,43,error3
4/6/2015 6:00,43,error1
15/6/2015 22:00,43,error3
13/7/2015 16:00,43,error1
14/7/2015 13:00,43,error5
19/7/2015 6:00,43,error1
3/8/2015 6:00,43,error2
3/8/2015 6:00,43,error3
5/8/2015 2:00,43,error3
6/8/2015 21:00,43,error2
20/8/2015 4:00,43,error3
15/9/2015 16:00,43,error1
16/9/2015 23:00,43,error1
2/10/2015 6:00,43,error5
1/11/2015 6:00,43,error1
6/11/2015 1:00,43,error1
9/11/2015 7:00,43,error3
11/11/2015 18:00,43,error2
16/11/2015 6:00,43,error2
16/11/2015 6:00,43,error3
26/11/2015 18:00,43,error1
15/12/2015 5:00,43,error4
27/1/2015 9:00,44,error4
4/2/2015 14:00,44,error1
11/2/2015 19:00,44,error3
25/2/2015 18:00,44,error1
1/3/2015 12:00,44,error2
6/3/2015 14:00,44,error4
15/3/2015 6:00,44,error2
15/3/2015 6:00,44,error3
3/4/2015 5:00,44,error1
3/4/2015 15:00,44,error1
5/4/2015 11:00,44,error4
6/4/2015 6:00,44,error4
18/4/2015 7:00,44,error4
13/6/2015 6:00,44,error1
13/6/2015 20:00,44,error1
2/7/2015 15:00,44,error5
28/7/2015 6:00,44,error2
28/7/2015 6:00,44,error3
5/8/2015 15:00,44,error4
14/8/2015 21:00,44,error3
27/8/2015 6:00,44,error1
1/9/2015 8:00,44,error2
23/9/2015 1:00,44,error2
25/9/2015 22:00,44,error1
27/9/2015 21:00,44,error4
3/10/2015 9:00,44,error3
14/10/2015 14:00,44,error5
22/10/2015 22:00,44,error2
14/11/2015 1:00,44,error4
22/11/2015 14:00,44,error3
25/12/2015 1:00,44,error3
25/12/2015 20:00,44,error2
20/1/2015 1:00,45,error1
21/1/2015 4:00,45,error2
21/1/2015 6:00,45,error2
21/1/2015 6:00,45,error3
21/1/2015 15:00,45,error1
8/2/2015 3:00,45,error2
8/2/2015 10:00,45,error2
12/2/2015 3:00,45,error4
20/2/2015 6:00,45,error5
23/2/2015 13:00,45,error5
28/2/2015 14:00,45,error3
28/3/2015 20:00,45,error4
29/3/2015 19:00,45,error2
26/4/2015 1:00,45,error3
11/5/2015 17:00,45,error2
20/5/2015 7:00,45,error2
21/5/2015 6:00,45,error5
24/5/2015 11:00,45,error1
11/6/2015 10:00,45,error1
20/6/2015 13:00,45,error2
20/7/2015 6:00,45,error5
3/8/2015 4:00,45,error2
3/8/2015 15:00,45,error3
12/8/2015 19:00,45,error4
4/9/2015 6:00,45,error2
2/10/2015 6:00,45,error1
7/10/2015 22:00,45,error4
18/10/2015 6:00,45,error5
27/10/2015 4:00,45,error1
31/10/2015 12:00,45,error3
2/11/2015 6:00,45,error1
14/11/2015 17:00,45,error3
9/12/2015 18:00,45,error2
19/12/2015 3:00,45,error2
27/12/2015 17:00,45,error3
29/12/2015 23:00,45,error1
30/12/2015 20:00,45,error3
21/2/2015 6:00,46,error2
21/2/2015 6:00,46,error3
22/2/2015 8:00,46,error1
22/2/2015 13:00,46,error2
9/3/2015 7:00,46,error3
17/3/2015 10:00,46,error2
8/5/2015 14:00,46,error1
12/5/2015 13:00,46,error2
17/6/2015 0:00,46,error1
27/6/2015 1:00,46,error5
8/7/2015 9:00,46,error1
5/8/2015 0:00,46,error5
9/8/2015 16:00,46,error1
17/8/2015 4:00,46,error2
22/8/2015 2:00,46,error4
30/8/2015 14:00,46,error2
4/9/2015 18:00,46,error3
9/9/2015 18:00,46,error3
12/9/2015 21:00,46,error1
12/10/2015 5:00,46,error3
19/10/2015 18:00,46,error2
23/10/2015 8:00,46,error4
23/10/2015 17:00,46,error1
24/10/2015 9:00,46,error4
28/10/2015 19:00,46,error1
8/11/2015 17:00,46,error2
18/11/2015 6:00,46,error2
18/11/2015 6:00,46,error3
26/12/2015 18:00,46,error4
3/1/2015 20:00,47,error3
14/1/2015 19:00,47,error1
22/1/2015 23:00,47,error3
23/1/2015 6:00,47,error4
10/2/2015 2:00,47,error4
11/3/2015 22:00,47,error1
15/3/2015 20:00,47,error4
21/3/2015 3:00,47,error3
24/3/2015 6:00,47,error1
30/3/2015 10:00,47,error4
8/4/2015 6:00,47,error2
8/4/2015 6:00,47,error3
25/4/2015 18:00,47,error4
21/5/2015 23:00,47,error1
25/5/2015 13:00,47,error1
22/6/2015 6:00,47,error4
7/7/2015 6:00,47,error2
7/7/2015 6:00,47,error3
31/7/2015 13:00,47,error2
2/8/2015 5:00,47,error3
6/8/2015 6:00,47,error1
8/8/2015 5:00,47,error1
14/8/2015 15:00,47,error3
29/8/2015 8:00,47,error2
2/9/2015 23:00,47,error2
6/9/2015 5:00,47,error4
20/9/2015 6:00,47,error4
4/10/2015 9:00,47,error2
20/10/2015 6:00,47,error2
20/10/2015 6:00,47,error3
6/11/2015 21:00,47,error2
10/11/2015 23:00,47,error1
19/11/2015 6:00,47,error2
19/11/2015 6:00,47,error3
22/11/2015 19:00,47,error1
28/11/2015 21:00,47,error5
29/11/2015 13:00,47,error1
19/12/2015 6:00,47,error2
19/12/2015 6:00,47,error3
10/1/2015 6:00,48,error2
10/1/2015 6:00,48,error3
17/1/2015 8:00,48,error1
1/2/2015 21:00,48,error1
4/2/2015 5:00,48,error2
10/2/2015 2:00,48,error2
11/3/2015 6:00,48,error1
26/3/2015 20:00,48,error3
8/5/2015 2:00,48,error1
10/5/2015 6:00,48,error2
10/5/2015 6:00,48,error3
2/6/2015 5:00,48,error5
5/6/2015 13:00,48,error3
11/6/2015 1:00,48,error1
11/6/2015 7:00,48,error1
9/7/2015 6:00,48,error2
9/7/2015 6:00,48,error3
24/7/2015 6:00,48,error1
24/7/2015 22:00,48,error3
7/8/2015 10:00,48,error4
7/9/2015 6:00,48,error1
15/9/2015 14:00,48,error4
16/9/2015 1:00,48,error1
16/9/2015 21:00,48,error3
23/10/2015 16:00,48,error3
27/10/2015 14:00,48,error2
6/11/2015 6:00,48,error2
6/11/2015 6:00,48,error3
18/11/2015 11:00,48,error1
27/11/2015 15:00,48,error4
3/1/2015 11:00,49,error2
13/1/2015 14:00,49,error2
26/1/2015 18:00,49,error2
28/1/2015 15:00,49,error2
31/1/2015 19:00,49,error4
1/2/2015 11:00,49,error1
6/2/2015 16:00,49,error5
15/2/2015 6:00,49,error2
16/2/2015 20:00,49,error2
19/2/2015 22:00,49,error1
28/2/2015 6:00,49,error5
6/3/2015 17:00,49,error5
8/3/2015 3:00,49,error5
14/3/2015 19:00,49,error3
15/3/2015 6:00,49,error4
18/3/2015 17:00,49,error3
24/3/2015 20:00,49,error1
25/3/2015 22:00,49,error1
14/4/2015 6:00,49,error5
14/5/2015 6:00,49,error2
14/5/2015 6:00,49,error3
16/5/2015 2:00,49,error5
6/6/2015 7:00,49,error3
18/6/2015 1:00,49,error4
18/6/2015 4:00,49,error4
13/7/2015 6:00,49,error5
17/7/2015 5:00,49,error3
28/7/2015 6:00,49,error4
28/7/2015 23:00,49,error2
9/8/2015 4:00,49,error1
13/8/2015 1:00,49,error2
25/8/2015 6:00,49,error5
30/8/2015 18:00,49,error3
10/9/2015 20:00,49,error2
11/9/2015 6:00,49,error2
11/9/2015 6:00,49,error3
11/9/2015 6:00,49,error4
9/10/2015 8:00,49,error4
9/10/2015 18:00,49,error4
11/10/2015 6:00,49,error5
11/10/2015 7:00,49,error3
19/10/2015 18:00,49,error1
10/11/2015 6:00,49,error4
10/11/2015 7:00,49,error5
18/11/2015 3:00,49,error3
25/11/2015 6:00,49,error2
25/11/2015 6:00,49,error3
30/11/2015 15:00,49,error1
7/12/2015 0:00,49,error5
19/12/2015 15:00,49,error2
25/12/2015 6:00,49,error5
13/1/2015 15:00,50,error3
16/1/2015 3:00,50,error2
28/1/2015 2:00,50,error3
29/1/2015 6:00,50,error1
30/1/2015 9:00,50,error1
13/2/2015 13:00,50,error2
30/3/2015 15:00,50,error2
24/4/2015 2:00,50,error4
27/4/2015 19:00,50,error5
29/4/2015 6:00,50,error2
29/4/2015 6:00,50,error3
4/5/2015 2:00,50,error1
24/5/2015 6:00,50,error1
7/6/2015 12:00,50,error3
2/7/2015 11:00,50,error1
4/7/2015 15:00,50,error2
12/7/2015 23:00,50,error3
16/7/2015 13:00,50,error3
25/7/2015 13:00,50,error3
6/8/2015 9:00,50,error1
13/8/2015 4:00,50,error1
30/8/2015 8:00,50,error2
8/9/2015 1:00,50,error4
11/9/2015 6:00,50,error2
11/9/2015 6:00,50,error3
12/9/2015 9:00,50,error2
20/9/2015 14:00,50,error2
23/9/2015 6:00,50,error3
25/9/2015 11:00,50,error1
6/10/2015 17:00,50,error1
10/10/2015 8:00,50,error3
11/10/2015 6:00,50,error2
11/10/2015 6:00,50,error3
19/10/2015 20:00,50,error3
22/10/2015 8:00,50,error1
22/10/2015 17:00,50,error1
3/11/2015 10:00,50,error1
12/11/2015 11:00,50,error4
15/11/2015 18:00,50,error2
16/11/2015 5:00,50,error4
23/12/2015 0:00,50,error1
27/12/2015 5:00,50,error2
28/12/2015 12:00,50,error1
8/1/2015 15:00,51,error5
20/1/2015 12:00,51,error4
2/2/2015 10:00,51,error5
16/2/2015 2:00,51,error4
1/3/2015 1:00,51,error1
1/3/2015 6:00,51,error5
7/3/2015 19:00,51,error2
8/3/2015 9:00,51,error3
19/3/2015 3:00,51,error4
19/3/2015 8:00,51,error2
19/3/2015 11:00,51,error2
31/3/2015 6:00,51,error2
31/3/2015 6:00,51,error3
31/3/2015 16:00,51,error4
4/4/2015 20:00,51,error1
18/4/2015 8:00,51,error1
14/5/2015 20:00,51,error4
23/5/2015 12:00,51,error3
30/5/2015 6:00,51,error2
30/5/2015 6:00,51,error3
28/6/2015 10:00,51,error1
29/6/2015 6:00,51,error2
29/6/2015 6:00,51,error3
1/7/2015 6:00,51,error1
10/7/2015 12:00,51,error1
14/7/2015 6:00,51,error5
10/8/2015 23:00,51,error4
12/9/2015 6:00,51,error2
12/9/2015 6:00,51,error3
17/9/2015 19:00,51,error1
26/9/2015 21:00,51,error1
27/9/2015 6:00,51,error5
11/10/2015 20:00,51,error2
18/10/2015 21:00,51,error2
25/10/2015 22:00,51,error1
26/11/2015 6:00,51,error5
28/11/2015 0:00,51,error4
11/12/2015 6:00,51,error2
11/12/2015 6:00,51,error3
13/12/2015 21:00,51,error4
2/1/2015 13:00,52,error3
18/1/2015 6:00,52,error2
18/1/2015 6:00,52,error3
18/1/2015 6:00,52,error5
27/1/2015 20:00,52,error4
11/2/2015 7:00,52,error2
15/2/2015 13:00,52,error1
17/2/2015 15:00,52,error5
24/2/2015 22:00,52,error1
2/3/2015 2:00,52,error3
4/3/2015 4:00,52,error1
19/3/2015 3:00,52,error1
19/3/2015 20:00,52,error4
20/3/2015 14:00,52,error2
19/4/2015 20:00,52,error3
14/6/2015 23:00,52,error5
15/6/2015 15:00,52,error1
20/6/2015 2:00,52,error3
21/6/2015 20:00,52,error1
27/6/2015 13:00,52,error2
27/6/2015 19:00,52,error3
28/6/2015 0:00,52,error2
13/7/2015 5:00,52,error2
15/7/2015 18:00,52,error1
17/7/2015 6:00,52,error5
18/7/2015 21:00,52,error3
19/7/2015 9:00,52,error2
27/7/2015 4:00,52,error2
1/8/2015 6:00,52,error2
1/8/2015 6:00,52,error3
19/8/2015 10:00,52,error2
20/8/2015 6:00,52,error2
22/8/2015 11:00,52,error4
4/9/2015 23:00,52,error3
15/9/2015 10:00,52,error4
28/9/2015 4:00,52,error1
14/10/2015 22:00,52,error1
21/10/2015 6:00,52,error2
24/10/2015 4:00,52,error2
30/10/2015 6:00,52,error1
30/10/2015 6:00,52,error5
28/11/2015 10:00,52,error1
21/12/2015 10:00,52,error2
22/12/2015 10:00,52,error4
25/12/2015 9:00,52,error1
29/12/2015 6:00,52,error5
10/1/2015 7:00,53,error1
18/1/2015 8:00,53,error2
25/1/2015 22:00,53,error2
7/2/2015 17:00,53,error2
10/2/2015 3:00,53,error4
16/2/2015 0:00,53,error2
24/2/2015 23:00,53,error5
1/3/2015 1:00,53,error3
1/3/2015 3:00,53,error3
6/3/2015 9:00,53,error5
17/3/2015 1:00,53,error3
22/3/2015 22:00,53,error1
28/3/2015 6:00,53,error1
14/4/2015 14:00,53,error2
15/4/2015 7:00,53,error4
23/4/2015 18:00,53,error1
25/4/2015 10:00,53,error3
4/5/2015 22:00,53,error1
5/5/2015 14:00,53,error4
12/5/2015 6:00,53,error2
12/5/2015 6:00,53,error3
8/6/2015 18:00,53,error5
16/6/2015 3:00,53,error1
19/6/2015 5:00,53,error1
25/6/2015 12:00,53,error5
11/7/2015 6:00,53,error1
26/8/2015 2:00,53,error4
9/10/2015 6:00,53,error1
13/10/2015 2:00,53,error3
18/10/2015 7:00,53,error1
22/10/2015 2:00,53,error3
24/10/2015 5:00,53,error2
4/11/2015 9:00,53,error3
8/11/2015 6:00,53,error2
8/11/2015 6:00,53,error3
12/11/2015 22:00,53,error1
15/11/2015 8:00,53,error4
3/12/2015 18:00,53,error3
6/12/2015 13:00,53,error2
8/12/2015 6:00,53,error2
8/12/2015 6:00,53,error3
9/12/2015 3:00,53,error4
9/12/2015 7:00,53,error3
27/12/2015 10:00,53,error2
27/12/2015 22:00,53,error3
13/1/2015 18:00,54,error5
14/1/2015 6:00,54,error4
17/1/2015 16:00,54,error4
18/1/2015 3:00,54,error4
21/1/2015 21:00,54,error1
13/2/2015 18:00,54,error3
9/3/2015 14:00,54,error4
12/3/2015 18:00,54,error2
25/3/2015 7:00,54,error4
30/3/2015 6:00,54,error4
9/4/2015 1:00,54,error2
14/4/2015 19:00,54,error4
19/4/2015 23:00,54,error1
20/4/2015 17:00,54,error3
29/4/2015 6:00,54,error2
29/4/2015 6:00,54,error3
14/5/2015 4:00,54,error1
14/5/2015 10:00,54,error3
15/6/2015 16:00,54,error1
19/6/2015 14:00,54,error1
21/6/2015 9:00,54,error3
28/6/2015 6:00,54,error4
1/7/2015 1:00,54,error3
18/7/2015 1:00,54,error2
22/7/2015 0:00,54,error1
24/7/2015 19:00,54,error3
20/8/2015 3:00,54,error2
21/8/2015 14:00,54,error2
22/8/2015 11:00,54,error5
24/8/2015 15:00,54,error2
11/9/2015 5:00,54,error4
17/9/2015 20:00,54,error4
10/10/2015 2:00,54,error2
29/10/2015 4:00,54,error4
30/10/2015 10:00,54,error4
2/11/2015 15:00,54,error1
3/11/2015 6:00,54,error2
4/11/2015 2:00,54,error1
12/11/2015 14:00,54,error3
20/11/2015 0:00,54,error2
20/11/2015 17:00,54,error2
25/11/2015 15:00,54,error4
12/12/2015 1:00,54,error3
25/12/2015 6:00,54,error2
25/12/2015 6:00,54,error3
27/12/2015 10:00,54,error4
14/1/2015 1:00,55,error5
18/1/2015 9:00,55,error3
19/1/2015 13:00,55,error1
31/1/2015 10:00,55,error2
4/3/2015 16:00,55,error3
6/3/2015 6:00,55,error5
10/3/2015 18:00,55,error1
29/3/2015 1:00,55,error4
9/4/2015 5:00,55,error1
20/4/2015 6:00,55,error2
20/4/2015 6:00,55,error3
3/5/2015 1:00,55,error2
4/6/2015 6:00,55,error5
4/6/2015 23:00,55,error3
19/6/2015 6:00,55,error1
15/7/2015 4:00,55,error1
3/8/2015 6:00,55,error1
6/8/2015 17:00,55,error4
15/8/2015 16:00,55,error1
18/8/2015 6:00,55,error5
24/8/2015 21:00,55,error1
1/9/2015 18:00,55,error1
2/9/2015 6:00,55,error2
2/9/2015 6:00,55,error3
5/9/2015 20:00,55,error1
7/9/2015 0:00,55,error1
16/9/2015 9:00,55,error2
18/9/2015 14:00,55,error3
23/9/2015 16:00,55,error4
10/10/2015 14:00,55,error1
7/11/2015 16:00,55,error1
11/11/2015 6:00,55,error3
14/11/2015 9:00,55,error5
30/11/2015 15:00,55,error4
1/12/2015 6:00,55,error1
21/12/2015 6:00,55,error3
21/12/2015 19:00,55,error3
13/1/2015 6:00,56,error4
28/1/2015 0:00,56,error3
7/2/2015 23:00,56,error3
8/2/2015 6:00,56,error2
27/2/2015 0:00,56,error1
14/3/2015 6:00,56,error4
17/3/2015 15:00,56,error2
13/4/2015 6:00,56,error1
14/4/2015 19:00,56,error1
15/4/2015 13:00,56,error4
28/4/2015 6:00,56,error2
28/4/2015 6:00,56,error3
22/5/2015 23:00,56,error2
24/5/2015 0:00,56,error1
11/6/2015 19:00,56,error3
12/6/2015 6:00,56,error4
28/6/2015 7:00,56,error2
8/7/2015 10:00,56,error4
16/7/2015 6:00,56,error3
5/8/2015 12:00,56,error1
13/8/2015 15:00,56,error3
21/8/2015 14:00,56,error4
9/9/2015 12:00,56,error2
21/9/2015 3:00,56,error4
22/9/2015 1:00,56,error3
25/9/2015 6:00,56,error2
25/9/2015 6:00,56,error3
25/9/2015 6:00,56,error4
12/10/2015 10:00,56,error4
6/11/2015 9:00,56,error2
9/11/2015 6:00,56,error1
9/11/2015 22:00,56,error4
16/11/2015 11:00,56,error4
24/11/2015 6:00,56,error2
24/11/2015 6:00,56,error3
13/12/2015 4:00,56,error1
19/12/2015 1:00,56,error3
24/12/2015 6:00,56,error1
19/1/2015 11:00,57,error2
6/2/2015 6:00,57,error1
11/2/2015 12:00,57,error2
5/3/2015 21:00,57,error4
7/3/2015 4:00,57,error2
11/3/2015 19:00,57,error3
31/3/2015 16:00,57,error1
2/4/2015 10:00,57,error1
5/4/2015 4:00,57,error4
23/4/2015 10:00,57,error3
28/4/2015 5:00,57,error3
2/5/2015 11:00,57,error2
10/5/2015 23:00,57,error2
28/5/2015 18:00,57,error2
8/6/2015 8:00,57,error2
13/6/2015 23:00,57,error2
19/6/2015 1:00,57,error4
22/7/2015 12:00,57,error4
16/8/2015 0:00,57,error3
17/8/2015 12:00,57,error1
22/9/2015 8:00,57,error1
4/10/2015 1:00,57,error4
9/10/2015 21:00,57,error3
12/10/2015 7:00,57,error2
21/10/2015 13:00,57,error1
3/11/2015 6:00,57,error1
4/11/2015 8:00,57,error2
27/11/2015 17:00,57,error4
6/12/2015 21:00,57,error1
13/12/2015 19:00,57,error2
14/12/2015 15:00,57,error4
16/12/2015 20:00,57,error1
17/12/2015 12:00,57,error1
7/1/2015 7:00,58,error3
8/1/2015 5:00,58,error4
14/1/2015 4:00,58,error1
30/1/2015 6:00,58,error4
6/2/2015 18:00,58,error2
15/2/2015 12:00,58,error1
25/2/2015 1:00,58,error1
20/3/2015 1:00,58,error1
30/4/2015 6:00,58,error4
15/5/2015 6:00,58,error1
21/5/2015 22:00,58,error3
27/5/2015 16:00,58,error3
30/5/2015 6:00,58,error2
30/5/2015 6:00,58,error3
31/5/2015 14:00,58,error1
7/7/2015 5:00,58,error5
29/7/2015 6:00,58,error4
30/7/2015 11:00,58,error3
5/8/2015 21:00,58,error1
29/8/2015 9:00,58,error3
5/9/2015 7:00,58,error2
12/9/2015 7:00,58,error5
21/9/2015 22:00,58,error2
22/9/2015 17:00,58,error2
25/9/2015 9:00,58,error1
25/9/2015 18:00,58,error1
27/9/2015 6:00,58,error4
6/10/2015 16:00,58,error1
9/10/2015 20:00,58,error4
16/10/2015 0:00,58,error2
7/11/2015 9:00,58,error1
16/11/2015 8:00,58,error2
8/12/2015 1:00,58,error2
11/12/2015 6:00,58,error2
11/12/2015 6:00,58,error3
3/1/2015 2:00,59,error2
12/1/2015 2:00,59,error4
19/1/2015 9:00,59,error4
29/1/2015 8:00,59,error4
1/2/2015 14:00,59,error1
2/2/2015 19:00,59,error1
3/2/2015 0:00,59,error1
3/2/2015 6:00,59,error5
9/2/2015 15:00,59,error1
17/2/2015 16:00,59,error1
22/2/2015 3:00,59,error3
25/2/2015 12:00,59,error1
29/3/2015 7:00,59,error1
4/4/2015 6:00,59,error5
5/4/2015 7:00,59,error3
21/4/2015 6:00,59,error2
2/5/2015 12:00,59,error3
17/5/2015 9:00,59,error2
19/5/2015 6:00,59,error5
20/5/2015 21:00,59,error4
5/6/2015 1:00,59,error2
5/7/2015 1:00,59,error4
5/7/2015 11:00,59,error2
18/7/2015 6:00,59,error1
2/8/2015 6:00,59,error2
2/8/2015 6:00,59,error3
17/8/2015 6:00,59,error5
23/8/2015 2:00,59,error2
27/8/2015 13:00,59,error2
16/10/2015 6:00,59,error2
16/10/2015 6:00,59,error3
25/10/2015 12:00,59,error1
30/10/2015 17:00,59,error3
24/12/2015 14:00,59,error3
29/12/2015 13:00,59,error4
2/1/2015 8:00,60,error1
12/1/2015 10:00,60,error3
16/1/2015 8:00,60,error3
22/1/2015 22:00,60,error3
24/1/2015 7:00,60,error3
29/1/2015 6:00,60,error2
29/1/2015 6:00,60,error3
16/2/2015 19:00,60,error4
20/2/2015 14:00,60,error2
21/2/2015 15:00,60,error3
14/3/2015 17:00,60,error1
19/3/2015 11:00,60,error2
22/3/2015 3:00,60,error1
31/3/2015 8:00,60,error5
3/4/2015 12:00,60,error1
6/4/2015 16:00,60,error2
14/4/2015 6:00,60,error2
14/4/2015 6:00,60,error3
5/5/2015 10:00,60,error4
10/5/2015 22:00,60,error1
16/5/2015 7:00,60,error1
22/5/2015 13:00,60,error4
26/5/2015 1:00,60,error2
1/6/2015 13:00,60,error2
7/6/2015 4:00,60,error4
10/6/2015 1:00,60,error2
18/6/2015 9:00,60,error1
25/6/2015 23:00,60,error2
2/7/2015 23:00,60,error2
15/7/2015 20:00,60,error4
19/7/2015 20:00,60,error4
28/7/2015 6:00,60,error2
28/7/2015 6:00,60,error3
26/8/2015 10:00,60,error1
10/9/2015 20:00,60,error4
11/9/2015 6:00,60,error2
11/9/2015 6:00,60,error3
13/9/2015 20:00,60,error1
2/10/2015 5:00,60,error2
6/10/2015 23:00,60,error2
18/10/2015 11:00,60,error3
23/10/2015 2:00,60,error4
22/11/2015 8:00,60,error1
13/1/2015 7:00,61,error3
8/2/2015 11:00,61,error1
26/2/2015 6:00,61,error2
26/2/2015 6:00,61,error3
15/3/2015 0:00,61,error3
21/3/2015 15:00,61,error1
14/4/2015 23:00,61,error1
21/4/2015 15:00,61,error3
26/4/2015 1:00,61,error1
30/4/2015 5:00,61,error5
13/5/2015 3:00,61,error2
26/7/2015 0:00,61,error1
26/7/2015 23:00,61,error1
5/8/2015 15:00,61,error4
10/8/2015 6:00,61,error2
10/8/2015 6:00,61,error3
11/8/2015 18:00,61,error1
15/8/2015 3:00,61,error1
20/8/2015 6:00,61,error1
27/8/2015 23:00,61,error3
24/9/2015 7:00,61,error2
24/9/2015 14:00,61,error1
26/9/2015 14:00,61,error3
24/10/2015 6:00,61,error1
29/10/2015 0:00,61,error1
31/10/2015 9:00,61,error5
5/11/2015 16:00,61,error2
23/11/2015 0:00,61,error4
23/11/2015 6:00,61,error2
23/11/2015 6:00,61,error3
27/11/2015 14:00,61,error4
1/12/2015 8:00,61,error5
6/12/2015 8:00,61,error2
15/12/2015 17:00,61,error1
12/1/2015 6:00,62,error1
22/1/2015 10:00,62,error4
27/1/2015 6:00,62,error5
19/2/2015 22:00,62,error1
21/2/2015 20:00,62,error3
14/3/2015 14:00,62,error1
19/3/2015 18:00,62,error4
28/3/2015 19:00,62,error3
9/5/2015 23:00,62,error3
27/5/2015 6:00,62,error5
26/6/2015 6:00,62,error2
26/6/2015 6:00,62,error3
14/7/2015 9:00,62,error4
10/8/2015 6:00,62,error1
27/8/2015 18:00,62,error3
31/8/2015 19:00,62,error4
22/9/2015 23:00,62,error4
30/9/2015 3:00,62,error1
10/10/2015 14:00,62,error2
14/10/2015 8:00,62,error1
5/11/2015 6:00,62,error2
5/11/2015 10:00,62,error4
8/12/2015 6:00,62,error5
19/12/2015 0:00,62,error4
19/12/2015 13:00,62,error2
23/12/2015 6:00,62,error2
23/12/2015 6:00,62,error3
23/12/2015 11:00,62,error4
19/1/2015 4:00,63,error2
27/1/2015 6:00,63,error1
27/1/2015 6:00,63,error2
27/1/2015 6:00,63,error3
4/2/2015 4:00,63,error4
9/2/2015 17:00,63,error1
11/2/2015 17:00,63,error3
15/2/2015 13:00,63,error5
20/2/2015 18:00,63,error2
27/2/2015 1:00,63,error3
4/3/2015 9:00,63,error1
5/3/2015 3:00,63,error4
12/3/2015 20:00,63,error2
13/3/2015 6:00,63,error5
28/3/2015 3:00,63,error1
30/3/2015 18:00,63,error3
16/4/2015 10:00,63,error3
9/5/2015 21:00,63,error5
12/5/2015 6:00,63,error5
14/5/2015 9:00,63,error1
20/5/2015 2:00,63,error2
25/5/2015 7:00,63,error4
25/5/2015 22:00,63,error3
27/5/2015 6:00,63,error2
27/5/2015 6:00,63,error3
15/6/2015 8:00,63,error1
16/6/2015 8:00,63,error4
23/6/2015 18:00,63,error3
29/6/2015 19:00,63,error2
26/7/2015 6:00,63,error5
5/8/2015 13:00,63,error1
8/8/2015 16:00,63,error1
16/8/2015 8:00,63,error2
28/8/2015 20:00,63,error4
2/9/2015 11:00,63,error4
2/9/2015 14:00,63,error4
12/9/2015 23:00,63,error1
14/9/2015 14:00,63,error5
18/9/2015 12:00,63,error1
27/9/2015 14:00,63,error1
29/9/2015 0:00,63,error3
20/10/2015 6:00,63,error5
24/10/2015 6:00,63,error5
29/10/2015 11:00,63,error4
8/11/2015 6:00,63,error2
8/11/2015 6:00,63,error3
14/11/2015 17:00,63,error1
6/12/2015 8:00,63,error3
6/12/2015 23:00,63,error1
15/12/2015 3:00,63,error2
4/1/2015 6:00,64,error5
6/1/2015 16:00,64,error1
9/1/2015 21:00,64,error1
19/1/2015 6:00,64,error2
19/1/2015 6:00,64,error3
23/1/2015 11:00,64,error2
24/1/2015 13:00,64,error1
3/2/2015 17:00,64,error2
18/2/2015 6:00,64,error5
19/2/2015 12:00,64,error1
24/2/2015 23:00,64,error2
1/3/2015 20:00,64,error1
1/3/2015 23:00,64,error1
11/3/2015 23:00,64,error3
26/3/2015 23:00,64,error3
4/4/2015 6:00,64,error2
4/4/2015 6:00,64,error3
28/4/2015 17:00,64,error5
4/5/2015 6:00,64,error5
7/5/2015 0:00,64,error1
25/5/2015 14:00,64,error2
11/6/2015 20:00,64,error3
15/6/2015 0:00,64,error2
2/9/2015 14:00,64,error1
16/9/2015 6:00,64,error5
29/9/2015 20:00,64,error4
2/10/2015 15:00,64,error1
5/10/2015 13:00,64,error3
6/10/2015 2:00,64,error3
16/10/2015 6:00,64,error2
16/10/2015 6:00,64,error3
28/10/2015 5:00,64,error2
14/11/2015 6:00,64,error1
2/12/2015 18:00,64,error2
6/12/2015 7:00,64,error2
15/12/2015 4:00,64,error1
30/12/2015 6:00,64,error1
4/1/2015 18:00,65,error2
6/1/2015 6:00,65,error4
17/1/2015 3:00,65,error1
1/2/2015 5:00,65,error4
28/2/2015 8:00,65,error2
11/3/2015 11:00,65,error2
16/3/2015 6:00,65,error1
22/3/2015 3:00,65,error4
23/3/2015 1:00,65,error4
29/3/2015 18:00,65,error4
31/3/2015 9:00,65,error4
24/4/2015 0:00,65,error1
15/5/2015 9:00,65,error2
17/5/2015 6:00,65,error4
19/5/2015 13:00,65,error3
20/5/2015 0:00,65,error3
30/5/2015 6:00,65,error1
18/6/2015 2:00,65,error3
29/6/2015 6:00,65,error5
15/7/2015 20:00,65,error2
22/7/2015 13:00,65,error2
13/8/2015 6:00,65,error1
13/8/2015 6:00,65,error2
13/8/2015 6:00,65,error3
20/8/2015 18:00,65,error1
21/8/2015 17:00,65,error1
22/8/2015 0:00,65,error4
31/8/2015 21:00,65,error2
12/9/2015 6:00,65,error5
2/10/2015 13:00,65,error1
2/11/2015 3:00,65,error4
15/11/2015 18:00,65,error4
24/11/2015 5:00,65,error2
9/12/2015 17:00,65,error2
11/12/2015 1:00,65,error4
11/1/2015 4:00,66,error1
21/1/2015 11:00,66,error1
5/2/2015 22:00,66,error1
8/2/2015 10:00,66,error3
17/2/2015 6:00,66,error1
6/3/2015 23:00,66,error3
15/3/2015 19:00,66,error4
16/3/2015 1:00,66,error3
13/4/2015 3:00,66,error3
14/4/2015 11:00,66,error2
19/4/2015 16:00,66,error3
1/5/2015 9:00,66,error1
3/5/2015 6:00,66,error2
9/5/2015 14:00,66,error2
18/5/2015 6:00,66,error1
18/5/2015 6:00,66,error2
18/5/2015 6:00,66,error3
20/5/2015 3:00,66,error1
30/5/2015 18:00,66,error3
3/6/2015 0:00,66,error1
3/6/2015 5:00,66,error1
16/6/2015 10:00,66,error2
22/6/2015 22:00,66,error4
28/6/2015 18:00,66,error1
14/7/2015 8:00,66,error1
29/7/2015 20:00,66,error4
1/8/2015 7:00,66,error2
2/8/2015 2:00,66,error4
5/8/2015 21:00,66,error1
7/8/2015 6:00,66,error4
8/9/2015 12:00,66,error3
27/9/2015 6:00,66,error2
30/9/2015 6:00,66,error1
4/10/2015 15:00,66,error2
30/10/2015 8:00,66,error4
11/11/2015 6:00,66,error4
14/11/2015 7:00,66,error2
26/11/2015 17:00,66,error1
5/12/2015 21:00,66,error2
10/12/2015 20:00,66,error1
14/12/2015 6:00,66,error1
15/12/2015 8:00,66,error2
21/12/2015 4:00,66,error4
15/1/2015 6:00,67,error2
15/1/2015 6:00,67,error3
24/1/2015 17:00,67,error1
2/2/2015 13:00,67,error1
12/2/2015 9:00,67,error3
14/2/2015 19:00,67,error5
20/2/2015 5:00,67,error3
8/3/2015 12:00,67,error3
16/3/2015 6:00,67,error2
16/3/2015 6:00,67,error3
8/4/2015 23:00,67,error2
11/5/2015 6:00,67,error3
12/5/2015 4:00,67,error3
24/5/2015 6:00,67,error3
30/5/2015 6:00,67,error5
3/6/2015 20:00,67,error2
4/6/2015 4:00,67,error3
14/6/2015 6:00,67,error1
14/7/2015 6:00,67,error2
14/7/2015 6:00,67,error3
23/7/2015 0:00,67,error1
29/7/2015 12:00,67,error4
2/8/2015 20:00,67,error5
16/8/2015 22:00,67,error2
28/8/2015 6:00,67,error5
3/9/2015 7:00,67,error2
12/9/2015 6:00,67,error2
12/9/2015 6:00,67,error3
16/9/2015 16:00,67,error5
18/9/2015 11:00,67,error1
27/9/2015 6:00,67,error1
29/9/2015 14:00,67,error3
12/10/2015 6:00,67,error2
12/10/2015 6:00,67,error3
9/11/2015 1:00,67,error1
24/11/2015 5:00,67,error1
2/12/2015 17:00,67,error4
15/12/2015 10:00,67,error1
21/12/2015 1:00,67,error4
2/1/2015 6:00,68,error1
5/1/2015 1:00,68,error1
8/1/2015 16:00,68,error4
17/1/2015 14:00,68,error1
5/2/2015 9:00,68,error3
9/2/2015 16:00,68,error3
27/2/2015 22:00,68,error3
1/3/2015 16:00,68,error4
11/3/2015 7:00,68,error1
31/3/2015 12:00,68,error1
1/4/2015 6:00,68,error2
1/4/2015 6:00,68,error3
2/4/2015 7:00,68,error1
4/4/2015 9:00,68,error2
17/4/2015 3:00,68,error1
26/4/2015 4:00,68,error1
30/4/2015 6:00,68,error3
9/5/2015 18:00,68,error5
14/5/2015 21:00,68,error4
24/5/2015 3:00,68,error2
24/5/2015 16:00,68,error2
11/6/2015 17:00,68,error3
22/6/2015 13:00,68,error1
26/6/2015 15:00,68,error4
13/8/2015 17:00,68,error4
14/8/2015 6:00,68,error2
14/8/2015 6:00,68,error3
28/8/2015 7:00,68,error3
8/9/2015 13:00,68,error1
21/9/2015 14:00,68,error2
26/9/2015 10:00,68,error3
14/11/2015 12:00,68,error2
27/11/2015 6:00,68,error1
9/12/2015 19:00,68,error3
12/12/2015 6:00,68,error2
12/12/2015 6:00,68,error3
22/12/2015 23:00,68,error3
24/12/2015 9:00,68,error3
4/1/2015 6:00,69,error2
4/1/2015 6:00,69,error3
14/1/2015 9:00,69,error2
19/1/2015 6:00,69,error4
3/2/2015 6:00,69,error5
10/2/2015 6:00,69,error2
28/2/2015 19:00,69,error3
1/3/2015 8:00,69,error4
15/3/2015 0:00,69,error3
19/3/2015 3:00,69,error1
29/3/2015 13:00,69,error4
4/4/2015 9:00,69,error2
19/4/2015 6:00,69,error5
23/4/2015 15:00,69,error1
27/4/2015 15:00,69,error2
19/5/2015 6:00,69,error2
19/5/2015 6:00,69,error3
31/5/2015 2:00,69,error2
15/6/2015 5:00,69,error2
16/6/2015 18:00,69,error1
28/6/2015 4:00,69,error1
1/7/2015 9:00,69,error1
9/7/2015 11:00,69,error4
28/7/2015 1:00,69,error4
2/8/2015 2:00,69,error3
2/8/2015 6:00,69,error4
5/8/2015 15:00,69,error2
6/8/2015 18:00,69,error5
17/8/2015 6:00,69,error2
17/8/2015 6:00,69,error3
24/8/2015 17:00,69,error3
1/9/2015 6:00,69,error5
25/9/2015 22:00,69,error4
1/10/2015 12:00,69,error4
16/10/2015 6:00,69,error5
18/10/2015 19:00,69,error2
24/10/2015 14:00,69,error4
30/10/2015 12:00,69,error5
31/10/2015 6:00,69,error4
1/11/2015 13:00,69,error4
23/11/2015 19:00,69,error2
24/12/2015 1:00,69,error2
29/12/2015 0:00,69,error2
27/1/2015 6:00,70,error1
8/2/2015 20:00,70,error3
25/2/2015 12:00,70,error3
1/3/2015 17:00,70,error5
6/3/2015 10:00,70,error2
27/3/2015 16:00,70,error3
20/4/2015 12:00,70,error3
24/4/2015 16:00,70,error5
5/5/2015 20:00,70,error1
27/5/2015 6:00,70,error2
27/5/2015 6:00,70,error3
29/5/2015 6:00,70,error3
2/6/2015 10:00,70,error1
21/6/2015 2:00,70,error3
25/6/2015 10:00,70,error4
30/6/2015 1:00,70,error1
11/7/2015 6:00,70,error1
13/7/2015 13:00,70,error2
1/8/2015 10:00,70,error3
8/8/2015 3:00,70,error1
12/9/2015 2:00,70,error3
12/9/2015 6:00,70,error3
18/9/2015 20:00,70,error4
6/10/2015 2:00,70,error3
18/10/2015 21:00,70,error3
31/10/2015 3:00,70,error4
8/11/2015 6:00,70,error1
10/11/2015 15:00,70,error2
11/11/2015 5:00,70,error3
11/11/2015 19:00,70,error4
12/11/2015 22:00,70,error1
21/11/2015 9:00,70,error3
26/11/2015 4:00,70,error2
8/12/2015 3:00,70,error3
8/12/2015 6:00,70,error2
8/12/2015 6:00,70,error3
17/12/2015 10:00,70,error2
3/1/2015 18:00,71,error3
10/1/2015 6:00,71,error2
10/1/2015 6:00,71,error3
14/1/2015 23:00,71,error4
25/1/2015 6:00,71,error4
25/1/2015 6:00,71,error5
27/1/2015 16:00,71,error2
9/2/2015 6:00,71,error1
24/2/2015 6:00,71,error2
24/2/2015 6:00,71,error3
5/3/2015 11:00,71,error1
8/3/2015 15:00,71,error1
11/3/2015 6:00,71,error4
16/3/2015 16:00,71,error4
26/3/2015 6:00,71,error1
25/4/2015 6:00,71,error2
25/4/2015 6:00,71,error3
5/5/2015 23:00,71,error3
20/5/2015 13:00,71,error3
7/6/2015 17:00,71,error4
9/6/2015 6:00,71,error5
21/6/2015 7:00,71,error1
24/6/2015 6:00,71,error4
28/6/2015 13:00,71,error2
8/7/2015 7:00,71,error4
12/7/2015 2:00,71,error2
24/7/2015 6:00,71,error5
31/7/2015 2:00,71,error2
1/8/2015 19:00,71,error2
8/8/2015 0:00,71,error2
18/9/2015 0:00,71,error5
22/9/2015 6:00,71,error4
7/10/2015 6:00,71,error5
12/10/2015 18:00,71,error4
17/10/2015 2:00,71,error4
22/10/2015 2:00,71,error2
26/10/2015 3:00,71,error3
27/10/2015 19:00,71,error3
28/10/2015 21:00,71,error1
17/11/2015 9:00,71,error4
21/11/2015 10:00,71,error1
4/12/2015 7:00,71,error4
10/12/2015 2:00,71,error1
27/12/2015 18:00,71,error2
29/12/2015 4:00,71,error5
1/1/2015 12:00,72,error2
3/1/2015 4:00,72,error1
17/1/2015 17:00,72,error4
15/2/2015 3:00,72,error3
25/2/2015 5:00,72,error1
25/2/2015 7:00,72,error3
23/3/2015 6:00,72,error1
21/4/2015 3:00,72,error1
26/4/2015 2:00,72,error3
29/4/2015 3:00,72,error3
12/5/2015 8:00,72,error2
15/5/2015 18:00,72,error2
23/5/2015 8:00,72,error3
24/5/2015 12:00,72,error1
2/6/2015 16:00,72,error1
14/6/2015 19:00,72,error1
22/6/2015 12:00,72,error1
1/7/2015 8:00,72,error1
3/7/2015 13:00,72,error1
7/7/2015 15:00,72,error1
17/7/2015 1:00,72,error1
3/8/2015 8:00,72,error2
6/8/2015 13:00,72,error1
11/8/2015 0:00,72,error2
4/9/2015 6:00,72,error1
9/9/2015 12:00,72,error3
15/9/2015 5:00,72,error5
15/9/2015 7:00,72,error4
19/9/2015 4:00,72,error2
25/9/2015 5:00,72,error4
27/9/2015 16:00,72,error1
3/10/2015 18:00,72,error2
23/10/2015 23:00,72,error1
24/10/2015 20:00,72,error2
3/11/2015 3:00,72,error1
17/11/2015 19:00,72,error4
23/11/2015 18:00,72,error5
27/11/2015 5:00,72,error4
27/11/2015 12:00,72,error4
4/12/2015 6:00,72,error1
22/12/2015 12:00,72,error5
22/12/2015 23:00,72,error2
1/1/2015 6:00,73,error4
4/1/2015 13:00,73,error3
10/1/2015 8:00,73,error2
4/2/2015 6:00,73,error1
11/2/2015 22:00,73,error3
15/2/2015 0:00,73,error5
15/2/2015 6:00,73,error5
16/2/2015 3:00,73,error2
27/2/2015 17:00,73,error2
27/2/2015 18:00,73,error5
3/3/2015 17:00,73,error1
17/3/2015 0:00,73,error3
22/3/2015 4:00,73,error5
23/3/2015 1:00,73,error1
1/4/2015 6:00,73,error1
13/4/2015 23:00,73,error4
15/4/2015 9:00,73,error4
16/4/2015 6:00,73,error5
22/4/2015 12:00,73,error2
1/5/2015 6:00,73,error4
1/5/2015 16:00,73,error4
16/5/2015 6:00,73,error1
3/6/2015 1:00,73,error1
6/6/2015 1:00,73,error1
22/6/2015 18:00,73,error1
2/7/2015 16:00,73,error2
13/7/2015 11:00,73,error4
15/7/2015 6:00,73,error1
6/8/2015 8:00,73,error1
22/8/2015 19:00,73,error1
27/8/2015 21:00,73,error3
29/8/2015 6:00,73,error4
31/8/2015 8:00,73,error5
13/9/2015 6:00,73,error5
18/10/2015 1:00,73,error2
12/11/2015 6:00,73,error4
27/11/2015 6:00,73,error1
18/12/2015 21:00,73,error2
30/12/2015 2:00,73,error1
15/1/2015 15:00,74,error1
22/1/2015 6:00,74,error1
1/3/2015 21:00,74,error2
8/3/2015 6:00,74,error2
8/3/2015 6:00,74,error3
8/3/2015 12:00,74,error3
15/3/2015 8:00,74,error3
19/3/2015 4:00,74,error5
31/3/2015 4:00,74,error1
1/5/2015 0:00,74,error1
7/5/2015 6:00,74,error2
7/5/2015 6:00,74,error3
9/5/2015 5:00,74,error1
26/5/2015 14:00,74,error4
27/5/2015 5:00,74,error3
29/5/2015 1:00,74,error2
13/6/2015 21:00,74,error1
21/6/2015 6:00,74,error2
21/6/2015 6:00,74,error3
26/6/2015 16:00,74,error2
2/7/2015 20:00,74,error4
13/7/2015 17:00,74,error1
17/7/2015 18:00,74,error1
21/7/2015 6:00,74,error2
21/7/2015 6:00,74,error3
1/8/2015 4:00,74,error2
1/8/2015 11:00,74,error5
7/8/2015 9:00,74,error4
30/8/2015 4:00,74,error4
19/10/2015 6:00,74,error2
19/10/2015 6:00,74,error3
5/11/2015 10:00,74,error2
7/11/2015 11:00,74,error1
28/11/2015 0:00,74,error3
10/12/2015 15:00,74,error4
22/12/2015 6:00,74,error3
1/1/2015 12:00,75,error1
4/1/2015 5:00,75,error1
6/1/2015 6:00,75,error1
8/1/2015 1:00,75,error1
10/1/2015 9:00,75,error3
14/1/2015 8:00,75,error4
2/2/2015 13:00,75,error4
5/2/2015 6:00,75,error5
25/2/2015 21:00,75,error2
5/3/2015 16:00,75,error2
21/3/2015 13:00,75,error3
5/4/2015 17:00,75,error1
5/4/2015 19:00,75,error3
6/4/2015 6:00,75,error1
5/5/2015 12:00,75,error2
6/5/2015 6:00,75,error5
13/5/2015 10:00,75,error4
25/5/2015 4:00,75,error3
5/6/2015 6:00,75,error2
5/6/2015 6:00,75,error3
24/6/2015 8:00,75,error1
20/7/2015 6:00,75,error2
20/7/2015 6:00,75,error3
23/7/2015 5:00,75,error1
12/8/2015 17:00,75,error2
15/8/2015 6:00,75,error3
19/8/2015 6:00,75,error2
19/8/2015 6:00,75,error3
3/9/2015 6:00,75,error5
4/9/2015 23:00,75,error1
8/9/2015 19:00,75,error2
12/9/2015 14:00,75,error1
28/9/2015 4:00,75,error3
18/10/2015 6:00,75,error2
18/10/2015 6:00,75,error3
14/11/2015 21:00,75,error2
26/11/2015 0:00,75,error3
19/12/2015 5:00,75,error3
1/1/2015 8:00,76,error5
17/1/2015 6:00,76,error4
19/1/2015 5:00,76,error1
26/1/2015 16:00,76,error1
1/2/2015 6:00,76,error1
9/2/2015 17:00,76,error1
23/2/2015 19:00,76,error3
3/3/2015 6:00,76,error2
3/3/2015 6:00,76,error3
18/3/2015 6:00,76,error1
23/3/2015 16:00,76,error1
2/4/2015 6:00,76,error4
15/4/2015 2:00,76,error1
2/5/2015 6:00,76,error2
2/5/2015 6:00,76,error3
24/5/2015 4:00,76,error1
31/5/2015 0:00,76,error2
31/5/2015 3:00,76,error1
11/7/2015 6:00,76,error2
26/7/2015 15:00,76,error1
8/8/2015 22:00,76,error2
15/8/2015 6:00,76,error4
2/9/2015 4:00,76,error1
18/9/2015 23:00,76,error2
21/9/2015 22:00,76,error1
29/9/2015 6:00,76,error4
8/10/2015 2:00,76,error3
9/10/2015 2:00,76,error2
3/11/2015 4:00,76,error1
10/11/2015 1:00,76,error1
28/11/2015 6:00,76,error4
28/12/2015 8:00,76,error4
1/2/2015 0:00,77,error1
15/2/2015 3:00,77,error2
25/2/2015 17:00,77,error4
6/3/2015 14:00,77,error2
21/4/2015 15:00,77,error2
23/4/2015 7:00,77,error5
14/5/2015 16:00,77,error4
16/5/2015 9:00,77,error2
5/6/2015 20:00,77,error1
5/8/2015 16:00,77,error4
7/8/2015 20:00,77,error1
2/9/2015 13:00,77,error1
3/9/2015 13:00,77,error4
3/9/2015 20:00,77,error1
4/9/2015 20:00,77,error2
8/10/2015 8:00,77,error1
16/10/2015 20:00,77,error3
22/11/2015 13:00,77,error1
3/12/2015 7:00,77,error1
17/12/2015 15:00,77,error1
20/12/2015 8:00,77,error4
22/12/2015 7:00,77,error1
9/1/2015 5:00,78,error3
12/1/2015 8:00,78,error2
13/1/2015 2:00,78,error2
13/1/2015 8:00,78,error4
13/1/2015 21:00,78,error2
17/1/2015 8:00,78,error1
22/1/2015 1:00,78,error1
4/2/2015 4:00,78,error3
4/2/2015 6:00,78,error5
11/2/2015 15:00,78,error1
14/2/2015 0:00,78,error5
15/2/2015 12:00,78,error4
19/2/2015 6:00,78,error2
19/2/2015 6:00,78,error3
23/2/2015 7:00,78,error3
6/3/2015 6:00,78,error1
9/3/2015 10:00,78,error5
28/3/2015 15:00,78,error1
28/3/2015 23:00,78,error3
4/4/2015 7:00,78,error3
13/4/2015 17:00,78,error3
16/4/2015 11:00,78,error2
17/4/2015 7:00,78,error2
17/4/2015 17:00,78,error2
21/4/2015 21:00,78,error1
26/4/2015 16:00,78,error3
29/4/2015 18:00,78,error5
28/5/2015 13:00,78,error2
28/5/2015 21:00,78,error4
3/6/2015 1:00,78,error2
4/6/2015 6:00,78,error5
11/6/2015 4:00,78,error5
25/6/2015 23:00,78,error3
30/6/2015 5:00,78,error3
2/7/2015 21:00,78,error2
4/7/2015 6:00,78,error1
10/7/2015 5:00,78,error3
19/7/2015 6:00,78,error5
23/7/2015 1:00,78,error2
23/7/2015 6:00,78,error2
18/8/2015 15:00,78,error1
2/9/2015 6:00,78,error5
12/9/2015 0:00,78,error1
3/10/2015 11:00,78,error2
4/10/2015 6:00,78,error2
6/10/2015 7:00,78,error3
1/11/2015 6:00,78,error5
3/11/2015 4:00,78,error1
9/11/2015 5:00,78,error4
9/12/2015 12:00,78,error3
10/12/2015 3:00,78,error4
14/12/2015 10:00,78,error1
16/12/2015 6:00,78,error2
16/12/2015 6:00,78,error3
8/1/2015 15:00,79,error3
15/2/2015 11:00,79,error1
2/3/2015 6:00,79,error2
2/3/2015 6:00,79,error3
6/3/2015 15:00,79,error3
17/3/2015 6:00,79,error5
24/3/2015 3:00,79,error3
1/4/2015 6:00,79,error1
26/4/2015 21:00,79,error1
27/4/2015 9:00,79,error3
1/5/2015 22:00,79,error1
5/5/2015 21:00,79,error4
11/5/2015 9:00,79,error3
16/5/2015 6:00,79,error5
17/5/2015 4:00,79,error2
7/6/2015 1:00,79,error3
11/6/2015 17:00,79,error4
15/6/2015 6:00,79,error2
15/6/2015 6:00,79,error3
30/6/2015 6:00,79,error1
26/7/2015 7:00,79,error2
31/7/2015 17:00,79,error5
9/8/2015 17:00,79,error1
10/8/2015 8:00,79,error2
29/8/2015 10:00,79,error2
6/9/2015 9:00,79,error2
8/9/2015 15:00,79,error3
11/9/2015 8:00,79,error2
13/9/2015 6:00,79,error2
13/9/2015 6:00,79,error3
14/9/2015 0:00,79,error4
26/9/2015 1:00,79,error5
26/9/2015 21:00,79,error2
26/9/2015 22:00,79,error3
28/9/2015 6:00,79,error5
28/9/2015 13:00,79,error1
2/10/2015 14:00,79,error3
2/10/2015 16:00,79,error1
4/10/2015 22:00,79,error2
14/10/2015 21:00,79,error3
22/10/2015 0:00,79,error4
9/11/2015 0:00,79,error1
11/11/2015 18:00,79,error3
28/11/2015 0:00,79,error3
12/12/2015 6:00,79,error5
16/12/2015 20:00,79,error1
17/12/2015 0:00,79,error1
17/12/2015 5:00,79,error2
25/12/2015 16:00,79,error4
30/12/2015 4:00,79,error2
12/1/2015 2:00,80,error4
24/1/2015 21:00,80,error5
5/2/2015 15:00,80,error1
9/2/2015 17:00,80,error3
21/2/2015 13:00,80,error3
14/3/2015 15:00,80,error3
16/3/2015 12:00,80,error4
20/3/2015 12:00,80,error1
2/4/2015 7:00,80,error4
7/4/2015 15:00,80,error1
12/4/2015 16:00,80,error3
23/4/2015 4:00,80,error3
2/5/2015 9:00,80,error1
13/5/2015 2:00,80,error4
14/5/2015 12:00,80,error4
14/5/2015 15:00,80,error2
13/6/2015 17:00,80,error1
7/7/2015 4:00,80,error2
11/7/2015 6:00,80,error2
11/7/2015 6:00,80,error3
17/7/2015 8:00,80,error3
4/8/2015 7:00,80,error4
6/8/2015 19:00,80,error5
11/8/2015 15:00,80,error4
12/8/2015 9:00,80,error2
14/8/2015 10:00,80,error2
26/8/2015 8:00,80,error2
9/9/2015 6:00,80,error2
9/9/2015 6:00,80,error3
13/9/2015 5:00,80,error2
22/9/2015 15:00,80,error1
30/9/2015 15:00,80,error1
7/10/2015 7:00,80,error4
17/10/2015 0:00,80,error2
24/10/2015 21:00,80,error1
8/11/2015 6:00,80,error2
8/11/2015 6:00,80,error3
14/11/2015 8:00,80,error4
22/11/2015 16:00,80,error4
28/11/2015 8:00,80,error4
8/12/2015 6:00,80,error2
8/12/2015 6:00,80,error3
20/12/2015 15:00,80,error1
31/12/2015 15:00,80,error3
1/1/2015 6:00,81,error1
16/1/2015 6:00,81,error2
16/1/2015 6:00,81,error3
19/1/2015 18:00,81,error4
24/1/2015 23:00,81,error4
15/2/2015 6:00,81,error1
17/2/2015 12:00,81,error4
2/3/2015 0:00,81,error1
2/3/2015 6:00,81,error2
2/3/2015 6:00,81,error3
9/3/2015 19:00,81,error1
9/4/2015 23:00,81,error1
16/4/2015 6:00,81,error2
16/4/2015 6:00,81,error3
24/4/2015 8:00,81,error1
24/4/2015 21:00,81,error2
5/5/2015 11:00,81,error4
5/5/2015 14:00,81,error1
7/5/2015 21:00,81,error3
9/5/2015 20:00,81,error5
19/5/2015 14:00,81,error1
19/5/2015 19:00,81,error1
23/5/2015 2:00,81,error2
15/6/2015 6:00,81,error2
15/6/2015 6:00,81,error3
22/6/2015 20:00,81,error4
29/7/2015 0:00,81,error1
5/8/2015 18:00,81,error1
19/8/2015 6:00,81,error2
29/8/2015 6:00,81,error2
18/9/2015 11:00,81,error5
21/9/2015 1:00,81,error1
28/9/2015 8:00,81,error1
7/10/2015 1:00,81,error1
7/10/2015 16:00,81,error4
13/10/2015 6:00,81,error2
13/10/2015 6:00,81,error3
14/10/2015 8:00,81,error1
14/10/2015 22:00,81,error4
16/10/2015 22:00,81,error1
27/10/2015 21:00,81,error2
8/11/2015 13:00,81,error2
16/11/2015 13:00,81,error2
9/12/2015 1:00,81,error2
11/12/2015 2:00,81,error3
12/12/2015 6:00,81,error2
12/12/2015 6:00,81,error3
14/12/2015 23:00,81,error1
24/12/2015 2:00,81,error1
24/12/2015 17:00,81,error1
27/12/2015 20:00,81,error4
5/1/2015 3:00,82,error2
10/1/2015 5:00,82,error4
21/1/2015 0:00,82,error2
27/1/2015 6:00,82,error1
27/1/2015 11:00,82,error3
5/2/2015 21:00,82,error1
23/2/2015 18:00,82,error5
25/2/2015 17:00,82,error2
6/3/2015 6:00,82,error5
8/3/2015 23:00,82,error3
19/3/2015 6:00,82,error1
22/3/2015 1:00,82,error4
24/3/2015 2:00,82,error2
25/3/2015 13:00,82,error1
28/3/2015 6:00,82,error1
13/4/2015 19:00,82,error1
23/4/2015 14:00,82,error2
24/4/2015 0:00,82,error4
12/5/2015 6:00,82,error1
18/5/2015 0:00,82,error4
20/5/2015 15:00,82,error1
19/6/2015 6:00,82,error3
11/7/2015 6:00,82,error4
3/8/2015 7:00,82,error2
13/8/2015 23:00,82,error1
9/9/2015 13:00,82,error4
18/10/2015 6:00,82,error2
29/10/2015 14:00,82,error1
25/11/2015 14:00,82,error3
6/12/2015 14:00,82,error1
8/12/2015 6:00,82,error2
8/12/2015 6:00,82,error3
27/12/2015 15:00,82,error4
15/1/2015 6:00,83,error5
30/1/2015 12:00,83,error2
12/2/2015 11:00,83,error1
9/3/2015 17:00,83,error1
16/3/2015 6:00,83,error5
9/4/2015 6:00,83,error1
19/4/2015 22:00,83,error3
2/5/2015 16:00,83,error2
15/5/2015 6:00,83,error5
16/5/2015 3:00,83,error3
19/5/2015 17:00,83,error2
25/5/2015 8:00,83,error5
30/5/2015 6:00,83,error2
30/5/2015 6:00,83,error3
31/5/2015 22:00,83,error5
28/6/2015 12:00,83,error4
12/7/2015 14:00,83,error3
14/7/2015 6:00,83,error1
14/7/2015 6:00,83,error5
16/7/2015 17:00,83,error2
22/7/2015 4:00,83,error4
29/7/2015 10:00,83,error2
13/8/2015 6:00,83,error2
13/8/2015 6:00,83,error3
20/8/2015 15:00,83,error5
21/8/2015 23:00,83,error2
26/8/2015 17:00,83,error4
28/8/2015 6:00,83,error1
28/8/2015 20:00,83,error1
12/9/2015 6:00,83,error2
12/9/2015 6:00,83,error3
16/9/2015 2:00,83,error3
29/9/2015 4:00,83,error3
12/10/2015 6:00,83,error1
16/10/2015 18:00,83,error3
5/11/2015 4:00,83,error3
6/11/2015 19:00,83,error5
26/11/2015 6:00,83,error5
28/11/2015 4:00,83,error2
16/12/2015 8:00,83,error3
21/12/2015 15:00,83,error3
26/12/2015 6:00,83,error1
26/12/2015 6:00,83,error2
26/12/2015 6:00,83,error3
4/1/2015 6:00,84,error2
4/1/2015 6:00,84,error3
9/1/2015 13:00,84,error4
19/1/2015 9:00,84,error1
3/2/2015 6:00,84,error1
3/2/2015 6:00,84,error2
3/2/2015 6:00,84,error3
7/2/2015 21:00,84,error1
18/2/2015 6:00,84,error1
18/2/2015 20:00,84,error2
15/3/2015 8:00,84,error2
4/4/2015 6:00,84,error2
4/4/2015 6:00,84,error3
9/4/2015 2:00,84,error1
10/4/2015 13:00,84,error4
13/4/2015 20:00,84,error2
21/4/2015 7:00,84,error1
4/6/2015 6:00,84,error2
9/6/2015 4:00,84,error5
12/6/2015 2:00,84,error3
12/6/2015 2:00,84,error1
13/6/2015 13:00,84,error4
2/7/2015 0:00,84,error1
3/7/2015 6:00,84,error1
6/7/2015 13:00,84,error1
9/7/2015 2:00,84,error2
19/7/2015 2:00,84,error5
29/7/2015 13:00,84,error1
31/8/2015 13:00,84,error3
1/9/2015 6:00,84,error2
1/9/2015 6:00,84,error3
7/9/2015 17:00,84,error3
8/9/2015 8:00,84,error3
15/9/2015 18:00,84,error3
29/9/2015 4:00,84,error3
1/10/2015 6:00,84,error1
4/10/2015 5:00,84,error1
6/10/2015 20:00,84,error3
17/10/2015 2:00,84,error1
17/10/2015 19:00,84,error5
26/10/2015 9:00,84,error1
28/10/2015 1:00,84,error2
30/12/2015 3:00,84,error1
14/1/2015 6:00,85,error2
14/1/2015 6:00,85,error3
15/1/2015 6:00,85,error3
23/1/2015 2:00,85,error2
29/1/2015 6:00,85,error4
8/2/2015 7:00,85,error1
13/2/2015 6:00,85,error5
15/2/2015 2:00,85,error2
15/2/2015 2:00,85,error1
28/2/2015 20:00,85,error5
15/3/2015 5:00,85,error3
25/3/2015 1:00,85,error2
5/5/2015 16:00,85,error3
29/5/2015 6:00,85,error4
30/5/2015 16:00,85,error1
31/5/2015 17:00,85,error3
6/6/2015 5:00,85,error4
21/6/2015 1:00,85,error4
28/6/2015 6:00,85,error1
7/7/2015 11:00,85,error4
8/7/2015 18:00,85,error3
13/7/2015 7:00,85,error3
19/7/2015 0:00,85,error2
5/8/2015 0:00,85,error2
27/8/2015 6:00,85,error5
31/8/2015 9:00,85,error2
6/9/2015 15:00,85,error5
7/9/2015 4:00,85,error5
11/9/2015 6:00,85,error4
13/9/2015 15:00,85,error1
11/10/2015 6:00,85,error2
11/10/2015 6:00,85,error3
17/10/2015 18:00,85,error4
24/10/2015 2:00,85,error2
10/11/2015 6:00,85,error2
10/11/2015 6:00,85,error3
10/12/2015 6:00,85,error4
10/12/2015 22:00,85,error2
13/12/2015 11:00,85,error1
25/12/2015 6:00,85,error5
22/1/2015 6:00,86,error2
22/1/2015 6:00,86,error3
10/2/2015 5:00,86,error3
11/2/2015 0:00,86,error3
2/3/2015 16:00,86,error1
7/4/2015 3:00,86,error4
24/4/2015 13:00,86,error3
11/5/2015 0:00,86,error1
30/5/2015 7:00,86,error1
17/6/2015 7:00,86,error4
26/6/2015 12:00,86,error4
14/7/2015 6:00,86,error5
15/7/2015 22:00,86,error3
27/7/2015 23:00,86,error4
9/8/2015 0:00,86,error1
14/8/2015 1:00,86,error2
17/8/2015 23:00,86,error1
20/8/2015 23:00,86,error3
29/8/2015 13:00,86,error1
4/9/2015 6:00,86,error1
5/9/2015 17:00,86,error2
5/10/2015 18:00,86,error3
19/10/2015 16:00,86,error4
18/11/2015 6:00,86,error2
18/11/2015 6:00,86,error3
28/11/2015 12:00,86,error2
5/12/2015 22:00,86,error1
1/1/2015 20:00,87,error1
5/1/2015 1:00,87,error3
16/1/2015 7:00,87,error3
27/1/2015 21:00,87,error5
1/2/2015 23:00,87,error1
16/2/2015 9:00,87,error4
24/2/2015 15:00,87,error4
25/2/2015 18:00,87,error4
7/3/2015 15:00,87,error1
8/3/2015 20:00,87,error4
12/3/2015 6:00,87,error4
13/3/2015 3:00,87,error3
14/3/2015 7:00,87,error3
27/3/2015 6:00,87,error1
26/4/2015 6:00,87,error2
26/4/2015 6:00,87,error3
26/4/2015 14:00,87,error4
4/6/2015 3:00,87,error1
13/6/2015 13:00,87,error4
16/6/2015 8:00,87,error1
17/6/2015 10:00,87,error2
17/6/2015 18:00,87,error3
25/6/2015 6:00,87,error4
25/6/2015 7:00,87,error2
5/7/2015 9:00,87,error1
18/7/2015 12:00,87,error1
31/7/2015 7:00,87,error2
5/8/2015 5:00,87,error1
9/8/2015 6:00,87,error1
9/8/2015 18:00,87,error1
13/8/2015 1:00,87,error3
24/8/2015 6:00,87,error4
24/9/2015 14:00,87,error4
7/10/2015 17:00,87,error1
9/10/2015 21:00,87,error1
23/10/2015 6:00,87,error4
23/10/2015 18:00,87,error2
6/12/2015 21:00,87,error1
22/12/2015 6:00,87,error4
6/1/2015 1:00,88,error2
18/1/2015 6:00,88,error5
20/1/2015 7:00,88,error5
23/1/2015 13:00,88,error4
30/1/2015 2:00,88,error4
31/1/2015 4:00,88,error2
2/2/2015 6:00,88,error2
2/2/2015 6:00,88,error3
3/2/2015 0:00,88,error4
3/2/2015 17:00,88,error4
4/3/2015 6:00,88,error2
4/3/2015 6:00,88,error3
18/3/2015 5:00,88,error4
3/4/2015 6:00,88,error2
3/4/2015 6:00,88,error3
9/4/2015 6:00,88,error2
10/4/2015 21:00,88,error2
19/4/2015 11:00,88,error4
23/4/2015 4:00,88,error1
6/5/2015 22:00,88,error3
20/5/2015 5:00,88,error3
9/6/2015 9:00,88,error2
24/6/2015 14:00,88,error2
2/7/2015 6:00,88,error1
10/7/2015 18:00,88,error2
11/7/2015 17:00,88,error3
17/7/2015 1:00,88,error3
26/7/2015 20:00,88,error1
9/8/2015 11:00,88,error2
30/8/2015 10:00,88,error3
31/8/2015 6:00,88,error2
31/8/2015 6:00,88,error3
31/8/2015 6:00,88,error5
3/9/2015 22:00,88,error2
6/9/2015 18:00,88,error1
23/9/2015 17:00,88,error3
3/10/2015 19:00,88,error2
12/10/2015 8:00,88,error2
7/11/2015 14:00,88,error1
17/11/2015 6:00,88,error1
18/11/2015 15:00,88,error4
18/11/2015 16:00,88,error1
19/11/2015 12:00,88,error1
29/11/2015 6:00,88,error2
29/11/2015 6:00,88,error3
29/11/2015 6:00,88,error5
3/12/2015 5:00,88,error4
5/12/2015 7:00,88,error3
28/12/2015 19:00,88,error2
29/12/2015 6:00,88,error1
28/1/2015 11:00,89,error3
6/2/2015 6:00,89,error1
23/3/2015 6:00,89,error5
8/4/2015 0:00,89,error3
23/4/2015 9:00,89,error2
1/5/2015 5:00,89,error2
22/5/2015 6:00,89,error5
27/5/2015 15:00,89,error3
1/6/2015 16:00,89,error3
12/6/2015 15:00,89,error2
17/6/2015 11:00,89,error4
21/6/2015 6:00,89,error1
1/7/2015 14:00,89,error4
8/7/2015 23:00,89,error3
11/7/2015 12:00,89,error2
21/7/2015 6:00,89,error2
21/7/2015 6:00,89,error3
2/8/2015 12:00,89,error5
6/8/2015 14:00,89,error4
15/8/2015 19:00,89,error3
20/8/2015 6:00,89,error2
20/8/2015 6:00,89,error3
22/8/2015 12:00,89,error3
2/9/2015 0:00,89,error2
2/9/2015 9:00,89,error4
1/11/2015 11:00,89,error5
1/11/2015 18:00,89,error3
18/11/2015 6:00,89,error2
18/11/2015 6:00,89,error3
27/11/2015 0:00,89,error2
24/12/2015 4:00,89,error4
5/1/2015 11:00,90,error2
10/1/2015 19:00,90,error1
14/1/2015 21:00,90,error1
19/1/2015 6:00,90,error2
19/1/2015 6:00,90,error3
29/1/2015 7:00,90,error4
1/2/2015 0:00,90,error4
10/2/2015 7:00,90,error1
13/2/2015 18:00,90,error1
18/2/2015 6:00,90,error2
18/2/2015 6:00,90,error3
20/3/2015 6:00,90,error4
24/3/2015 4:00,90,error1
4/4/2015 6:00,90,error1
20/4/2015 12:00,90,error1
19/5/2015 6:00,90,error2
19/5/2015 6:00,90,error3
22/5/2015 0:00,90,error1
3/6/2015 6:00,90,error4
11/6/2015 10:00,90,error1
14/6/2015 2:00,90,error2
2/7/2015 10:00,90,error4
7/7/2015 3:00,90,error1
17/8/2015 6:00,90,error1
17/8/2015 6:00,90,error4
24/8/2015 23:00,90,error1
29/8/2015 21:00,90,error1
8/9/2015 8:00,90,error1
19/9/2015 7:00,90,error4
20/9/2015 3:00,90,error1
1/10/2015 4:00,90,error4
1/10/2015 6:00,90,error1
31/10/2015 6:00,90,error4
3/11/2015 6:00,90,error1
17/11/2015 9:00,90,error2
18/11/2015 2:00,90,error1
28/11/2015 8:00,90,error1
30/11/2015 6:00,90,error2
30/11/2015 6:00,90,error3
2/12/2015 0:00,90,error2
30/12/2015 6:00,90,error1
31/1/2015 6:00,91,error2
31/1/2015 6:00,91,error3
18/2/2015 0:00,91,error2
20/2/2015 21:00,91,error4
25/3/2015 11:00,91,error2
27/3/2015 3:00,91,error3
1/4/2015 6:00,91,error1
16/4/2015 7:00,91,error3
8/5/2015 12:00,91,error4
13/5/2015 2:00,91,error4
14/5/2015 3:00,91,error3
19/5/2015 0:00,91,error2
4/6/2015 8:00,91,error2
15/6/2015 6:00,91,error1
26/6/2015 21:00,91,error4
27/6/2015 3:00,91,error1
28/6/2015 0:00,91,error2
30/6/2015 6:00,91,error2
30/6/2015 6:00,91,error3
12/7/2015 9:00,91,error2
19/7/2015 18:00,91,error1
27/7/2015 15:00,91,error4
10/8/2015 3:00,91,error3
18/8/2015 19:00,91,error1
26/8/2015 3:00,91,error1
12/9/2015 20:00,91,error1
13/9/2015 6:00,91,error1
25/9/2015 14:00,91,error2
28/9/2015 18:00,91,error1
6/10/2015 20:00,91,error5
20/10/2015 18:00,91,error1
24/10/2015 4:00,91,error3
28/10/2015 6:00,91,error5
14/11/2015 13:00,91,error3
16/11/2015 6:00,91,error5
30/11/2015 15:00,91,error4
8/12/2015 3:00,91,error2
8/12/2015 11:00,91,error1
16/12/2015 13:00,91,error2
19/12/2015 3:00,91,error1
23/12/2015 0:00,91,error4
31/12/2015 18:00,91,error4
6/1/2015 3:00,92,error1
7/1/2015 14:00,92,error3
4/2/2015 8:00,92,error5
9/2/2015 6:00,92,error1
10/2/2015 5:00,92,error2
18/2/2015 6:00,92,error4
7/3/2015 1:00,92,error1
7/3/2015 20:00,92,error3
11/3/2015 18:00,92,error4
16/3/2015 7:00,92,error3
23/3/2015 13:00,92,error1
27/3/2015 3:00,92,error2
1/4/2015 17:00,92,error1
9/4/2015 8:00,92,error3
15/4/2015 23:00,92,error1
19/4/2015 6:00,92,error1
19/4/2015 6:00,92,error2
19/4/2015 6:00,92,error3
10/5/2015 18:00,92,error2
19/5/2015 6:00,92,error4
27/5/2015 4:00,92,error2
30/5/2015 22:00,92,error4
2/6/2015 13:00,92,error1
5/6/2015 2:00,92,error2
14/6/2015 9:00,92,error4
20/6/2015 6:00,92,error1
22/6/2015 19:00,92,error4
3/7/2015 6:00,92,error4
5/7/2015 23:00,92,error5
17/8/2015 6:00,92,error4
1/9/2015 6:00,92,error2
1/9/2015 6:00,92,error3
10/9/2015 4:00,92,error1
21/9/2015 7:00,92,error1
1/10/2015 6:00,92,error2
1/10/2015 6:00,92,error3
1/10/2015 14:00,92,error3
10/10/2015 4:00,92,error2
17/10/2015 12:00,92,error5
30/10/2015 9:00,92,error3
23/11/2015 10:00,92,error4
29/11/2015 12:00,92,error1
30/11/2015 6:00,92,error4
4/12/2015 0:00,92,error4
12/12/2015 15:00,92,error4
11/1/2015 21:00,93,error4
1/2/2015 13:00,93,error1
12/2/2015 16:00,93,error3
12/3/2015 14:00,93,error1
16/3/2015 6:00,93,error5
26/3/2015 23:00,93,error4
31/3/2015 6:00,93,error2
31/3/2015 6:00,93,error3
15/4/2015 6:00,93,error1
19/4/2015 12:00,93,error3
30/4/2015 6:00,93,error2
30/4/2015 6:00,93,error3
15/5/2015 6:00,93,error5
15/5/2015 7:00,93,error2
24/5/2015 9:00,93,error4
2/6/2015 9:00,93,error3
7/6/2015 20:00,93,error3
29/6/2015 6:00,93,error1
31/7/2015 11:00,93,error1
2/9/2015 4:00,93,error1
2/9/2015 13:00,93,error2
7/9/2015 2:00,93,error2
16/9/2015 17:00,93,error3
20/9/2015 3:00,93,error5
26/9/2015 7:00,93,error3
6/10/2015 21:00,93,error1
8/10/2015 23:00,93,error3
30/10/2015 22:00,93,error1
7/12/2015 21:00,93,error1
11/12/2015 21:00,93,error1
13/12/2015 10:00,93,error2
2/1/2015 2:00,94,error1
2/1/2015 7:00,94,error5
7/1/2015 6:00,94,error2
7/1/2015 6:00,94,error3
6/2/2015 22:00,94,error4
16/2/2015 13:00,94,error1
21/2/2015 6:00,94,error5
22/2/2015 10:00,94,error2
8/3/2015 6:00,94,error4
28/3/2015 14:00,94,error4
11/4/2015 23:00,94,error3
29/4/2015 3:00,94,error1
7/5/2015 6:00,94,error4
22/5/2015 6:00,94,error5
22/5/2015 11:00,94,error4
22/5/2015 14:00,94,error5
5/6/2015 2:00,94,error3
28/6/2015 21:00,94,error2
7/7/2015 11:00,94,error4
14/7/2015 16:00,94,error3
28/7/2015 0:00,94,error2
29/7/2015 10:00,94,error4
12/8/2015 7:00,94,error4
20/8/2015 1:00,94,error2
20/8/2015 6:00,94,error5
20/8/2015 15:00,94,error4
21/8/2015 3:00,94,error3
26/8/2015 23:00,94,error4
4/9/2015 9:00,94,error2
18/9/2015 3:00,94,error1
19/10/2015 6:00,94,error4
1/11/2015 19:00,94,error2
18/11/2015 6:00,94,error2
18/11/2015 6:00,94,error3
18/11/2015 6:00,94,error5
24/11/2015 20:00,94,error5
2/12/2015 8:00,94,error1
5/12/2015 1:00,94,error1
5/12/2015 20:00,94,error2
8/12/2015 0:00,94,error3
18/12/2015 6:00,94,error2
18/12/2015 6:00,94,error3
30/12/2015 8:00,94,error4
31/12/2015 23:00,94,error3
2/1/2015 14:00,95,error2
25/1/2015 20:00,95,error4
28/1/2015 23:00,95,error2
5/2/2015 14:00,95,error4
18/2/2015 6:00,95,error5
3/3/2015 20:00,95,error4
10/3/2015 3:00,95,error2
16/3/2015 4:00,95,error1
16/3/2015 19:00,95,error1
17/3/2015 4:00,95,error3
20/3/2015 6:00,95,error1
20/3/2015 6:00,95,error2
20/3/2015 6:00,95,error3
21/3/2015 14:00,95,error1
13/4/2015 14:00,95,error5
19/4/2015 6:00,95,error4
23/4/2015 15:00,95,error4
4/5/2015 6:00,95,error1
12/5/2015 21:00,95,error3
20/5/2015 19:00,95,error4
3/6/2015 6:00,95,error4
6/6/2015 12:00,95,error4
24/6/2015 7:00,95,error4
13/8/2015 19:00,95,error2
17/8/2015 6:00,95,error5
19/8/2015 1:00,95,error2
25/8/2015 17:00,95,error1
7/9/2015 8:00,95,error1
16/9/2015 6:00,95,error4
9/10/2015 2:00,95,error1
16/10/2015 6:00,95,error5
28/10/2015 12:00,95,error5
7/11/2015 15:00,95,error1
19/11/2015 8:00,95,error2
20/12/2015 2:00,95,error1
23/12/2015 16:00,95,error3
30/12/2015 6:00,95,error1
5/1/2015 10:00,96,error3
5/1/2015 14:00,96,error1
16/2/2015 6:00,96,error4
17/2/2015 5:00,96,error5
25/2/2015 22:00,96,error3
8/3/2015 5:00,96,error2
11/3/2015 15:00,96,error1
31/3/2015 13:00,96,error1
3/4/2015 15:00,96,error3
13/4/2015 14:00,96,error4
20/4/2015 2:00,96,error4
24/4/2015 14:00,96,error4
1/5/2015 3:00,96,error5
2/5/2015 6:00,96,error4
3/5/2015 22:00,96,error3
7/5/2015 10:00,96,error1
19/5/2015 6:00,96,error2
23/5/2015 12:00,96,error2
24/5/2015 15:00,96,error2
4/6/2015 22:00,96,error5
6/6/2015 2:00,96,error5
17/6/2015 18:00,96,error3
13/7/2015 16:00,96,error2
16/7/2015 6:00,96,error4
29/7/2015 3:00,96,error4
3/8/2015 21:00,96,error2
11/8/2015 19:00,96,error3
30/8/2015 6:00,96,error4
11/9/2015 11:00,96,error4
18/9/2015 17:00,96,error1
21/9/2015 6:00,96,error2
23/9/2015 13:00,96,error3
6/10/2015 15:00,96,error3
7/10/2015 7:00,96,error2
16/10/2015 14:00,96,error2
17/10/2015 0:00,96,error4
22/10/2015 0:00,96,error4
25/11/2015 5:00,96,error2
28/12/2015 6:00,96,error4
1/1/2015 12:00,97,error3
20/1/2015 6:00,97,error4
20/1/2015 20:00,97,error4
23/1/2015 6:00,97,error4
23/1/2015 6:00,97,error5
24/1/2015 8:00,97,error2
26/1/2015 9:00,97,error4
9/2/2015 1:00,97,error3
11/2/2015 5:00,97,error1
6/3/2015 20:00,97,error4
13/3/2015 15:00,97,error3
29/3/2015 9:00,97,error1
9/4/2015 9:00,97,error1
19/4/2015 20:00,97,error4
3/5/2015 0:00,97,error1
6/5/2015 0:00,97,error1
8/5/2015 6:00,97,error5
28/5/2015 8:00,97,error4
15/6/2015 6:00,97,error1
21/6/2015 9:00,97,error1
29/6/2015 18:00,97,error2
7/7/2015 6:00,97,error4
15/7/2015 11:00,97,error2
21/7/2015 11:00,97,error1
22/7/2015 6:00,97,error5
5/8/2015 0:00,97,error2
8/8/2015 11:00,97,error2
11/8/2015 20:00,97,error4
14/8/2015 7:00,97,error1
22/8/2015 15:00,97,error1
30/8/2015 17:00,97,error2
2/9/2015 12:00,97,error5
5/9/2015 6:00,97,error4
8/9/2015 12:00,97,error1
22/9/2015 23:00,97,error3
2/10/2015 14:00,97,error4
16/10/2015 17:00,97,error4
20/10/2015 6:00,97,error2
20/10/2015 6:00,97,error3
31/10/2015 22:00,97,error4
3/11/2015 1:00,97,error4
4/11/2015 8:00,97,error4
19/11/2015 6:00,97,error5
2/12/2015 22:00,97,error2
15/12/2015 2:00,97,error1
17/1/2015 6:00,98,error1
29/1/2015 6:00,98,error4
2/2/2015 23:00,98,error5
13/2/2015 6:00,98,error1
21/2/2015 16:00,98,error3
28/2/2015 6:00,98,error5
28/2/2015 16:00,98,error4
5/3/2015 22:00,98,error4
26/3/2015 8:00,98,error3
29/3/2015 14:00,98,error1
31/3/2015 3:00,98,error1
2/4/2015 17:00,98,error5
14/4/2015 6:00,98,error4
20/4/2015 21:00,98,error2
29/4/2015 6:00,98,error2
29/4/2015 6:00,98,error3
29/4/2015 6:00,98,error5
14/5/2015 6:00,98,error1
29/5/2015 6:00,98,error4
5/6/2015 18:00,98,error2
13/6/2015 6:00,98,error2
13/6/2015 6:00,98,error3
20/6/2015 6:00,98,error2
28/6/2015 6:00,98,error1
28/6/2015 6:00,98,error5
2/7/2015 13:00,98,error2
28/7/2015 6:00,98,error4
2/8/2015 1:00,98,error4
8/8/2015 15:00,98,error2
12/8/2015 6:00,98,error1
24/8/2015 12:00,98,error4
27/8/2015 6:00,98,error2
27/8/2015 6:00,98,error3
16/10/2015 18:00,98,error2
20/10/2015 17:00,98,error1
21/10/2015 8:00,98,error2
23/10/2015 9:00,98,error4
26/10/2015 4:00,98,error3
26/10/2015 6:00,98,error2
26/10/2015 6:00,98,error3
3/11/2015 23:00,98,error4
7/11/2015 10:00,98,error3
25/11/2015 6:00,98,error4
9/12/2015 9:00,98,error1
27/12/2015 22:00,98,error2
17/1/2015 6:00,99,error5
19/1/2015 7:00,99,error2
28/1/2015 1:00,99,error2
30/1/2015 10:00,99,error2
1/2/2015 6:00,99,error1
6/2/2015 2:00,99,error1
16/2/2015 6:00,99,error2
16/2/2015 6:00,99,error3
25/2/2015 22:00,99,error1
3/3/2015 6:00,99,error4
6/3/2015 7:00,99,error2
10/3/2015 8:00,99,error1
18/3/2015 6:00,99,error5
2/4/2015 6:00,99,error2
2/4/2015 6:00,99,error3
17/4/2015 6:00,99,error4
17/4/2015 16:00,99,error3
18/4/2015 2:00,99,error3
20/4/2015 11:00,99,error2
29/4/2015 10:00,99,error4
1/5/2015 13:00,99,error1
2/5/2015 6:00,99,error2
2/5/2015 6:00,99,error3
2/5/2015 14:00,99,error2
12/5/2015 2:00,99,error3
17/5/2015 2:00,99,error1
17/5/2015 6:00,99,error1
1/6/2015 6:00,99,error5
5/6/2015 3:00,99,error1
13/6/2015 15:00,99,error3
18/6/2015 16:00,99,error2
1/7/2015 6:00,99,error2
1/7/2015 6:00,99,error3
16/7/2015 6:00,99,error4
25/7/2015 21:00,99,error4
31/7/2015 6:00,99,error2
31/7/2015 6:00,99,error3
13/8/2015 0:00,99,error1
14/8/2015 8:00,99,error2
18/8/2015 5:00,99,error2
30/8/2015 6:00,99,error4
13/9/2015 11:00,99,error4
1/10/2015 16:00,99,error2
11/10/2015 12:00,99,error3
13/10/2015 20:00,99,error3
14/10/2015 6:00,99,error2
14/10/2015 6:00,99,error3
15/10/2015 9:00,99,error3
29/10/2015 6:00,99,error5
4/11/2015 5:00,99,error2
25/11/2015 13:00,99,error3
28/11/2015 6:00,99,error4
13/12/2015 6:00,99,error5
20/12/2015 2:00,99,error3
4/1/2015 1:00,100,error2
16/1/2015 0:00,100,error4
1/2/2015 10:00,100,error1
11/2/2015 6:00,100,error1
12/2/2015 21:00,100,error1
8/3/2015 15:00,100,error1
27/4/2015 4:00,100,error4
27/4/2015 22:00,100,error5
16/5/2015 23:00,100,error2
17/5/2015 13:00,100,error2
22/5/2015 2:00,100,error3
5/7/2015 16:00,100,error3
19/7/2015 1:00,100,error2
14/8/2015 16:00,100,error4
30/8/2015 15:00,100,error4
9/9/2015 6:00,100,error1
14/9/2015 23:00,100,error3
3/10/2015 5:00,100,error3
9/10/2015 7:00,100,error1
17/10/2015 2:00,100,error3
17/10/2015 12:00,100,error1
24/10/2015 23:00,100,error1
27/10/2015 21:00,100,error2
5/11/2015 2:00,100,error3
7/11/2015 17:00,100,error1
12/11/2015 1:00,100,error1
21/11/2015 8:00,100,error2
4/12/2015 2:00,100,error1
8/12/2015 6:00,100,error2
8/12/2015 6:00,100,error3
22/12/2015 3:00,100,error3
