Timestep,State,Current RUL,Cummulative Reward
1.0,0.0,10.8321,0.0
2.0,0.0,9.6658,1000.0
3.0,0.0,8.4172,2000.0
4.0,0.0,8.6319,3000.0
5.0,1.0,7.4247,3900.0
6.0,1.0,6.7476,4800.0
7.0,1.0,5.8584,5700.0
8.0,2.0,4.8884,6500.0
9.0,6.0,4.8884,6000.0
10.0,6.0,4.8884,5500.0
11.0,1.0,7.9981,6400.0
12.0,2.0,8.202,7200.0
13.0,2.0,7.6596,8000.0
14.0,2.0,6.0595,8800.0
15.0,3.0,3.885,9300.0
16.0,7.0,3.885,8800.0
17.0,2.0,8.4797,9600.0
18.0,2.0,7.4241,10400.0
19.0,2.0,8.2581,11200.0
20.0,2.0,5.6204,12000.0
21.0,2.0,5.2694,12800.0
22.0,6.0,5.2694,12300.0
23.0,1.0,7.8162,13200.0
24.0,1.0,5.6398,14100.0
25.0,1.0,8.528,15000.0
26.0,1.0,5.8935,15900.0
27.0,1.0,6.1283,16800.0
28.0,2.0,4.7336,17600.0
29.0,6.0,4.7336,17100.0
30.0,1.0,7.5661,18000.0
31.0,1.0,5.3955,18900.0
32.0,5.0,5.3955,18400.0
33.0,5.0,5.3955,17900.0
34.0,0.0,10.5961,18900.0
35.0,1.0,8.3804,19800.0
36.0,1.0,8.6944,20700.0
37.0,1.0,8.3811,21600.0
38.0,1.0,6.9821,22500.0
39.0,1.0,6.8716,23400.0
40.0,1.0,5.7211,24300.0
41.0,1.0,5.0047,25200.0
42.0,5.0,5.0047,24700.0
43.0,0.0,5.5924,25700.0
44.0,1.0,6.3154,26600.0
45.0,1.0,6.3262,27500.0
46.0,1.0,5.6778,28400.0
47.0,1.0,4.5746,29300.0
48.0,5.0,4.5746,28800.0
49.0,5.0,4.5746,28300.0
50.0,5.0,4.5746,27800.0
51.0,0.0,7.369,28800.0
52.0,1.0,4.3889,29700.0
53.0,5.0,4.3889,29200.0
54.0,0.0,9.7165,30200.0
55.0,1.0,8.9139,31100.0
56.0,2.0,7.5793,31900.0
57.0,2.0,6.5707,32700.0
58.0,3.0,5.9344,33200.0
59.0,3.0,7.0546,33700.0
60.0,3.0,5.1935,34200.0
61.0,7.0,5.1935,33700.0
62.0,7.0,5.1935,33200.0
63.0,7.0,5.1935,32700.0
64.0,7.0,5.1935,32200.0
65.0,2.0,7.7625,33000.0
66.0,2.0,5.7844,33800.0
67.0,2.0,4.7011,34600.0
68.0,6.0,4.7011,34100.0
69.0,1.0,9.7564,35000.0
70.0,1.0,8.932,35900.0
71.0,1.0,5.1116,36800.0
72.0,5.0,5.1116,36300.0
73.0,5.0,5.1116,35800.0
74.0,5.0,5.1116,35300.0
75.0,5.0,5.1116,34800.0
76.0,0.0,10.5947,35800.0
77.0,0.0,9.7423,36800.0
78.0,1.0,8.5314,37700.0
79.0,1.0,7.5782,38600.0
80.0,2.0,6.9137,39400.0
81.0,2.0,3.2322,40200.0
82.0,6.0,3.2322,39700.0
83.0,1.0,9.7705,40600.0
84.0,1.0,8.3844,41500.0
85.0,1.0,7.6664,42400.0
86.0,1.0,7.6554,43300.0
87.0,1.0,6.8959,44200.0
88.0,1.0,5.8361,45100.0
89.0,1.0,5.4401,46000.0
90.0,5.0,5.4401,45500.0
91.0,5.0,5.4401,45000.0
92.0,5.0,5.4401,44500.0
93.0,5.0,5.4401,44000.0
94.0,0.0,7.9317,45000.0
95.0,1.0,6.8522,45900.0
96.0,2.0,5.586,46700.0
97.0,3.0,1.6402,47200.0
98.0,7.0,1.6402,46700.0
99.0,7.0,1.6402,46200.0
100.0,2.0,9.1315,47000.0
101.0,2.0,7.7008,47800.0
102.0,2.0,6.5742,48600.0
103.0,3.0,4.0251,49100.0
104.0,7.0,4.0251,48600.0
105.0,7.0,4.0251,48100.0
106.0,2.0,9.5443,48900.0
107.0,2.0,8.9721,49700.0
108.0,2.0,7.8354,50500.0
109.0,3.0,3.4443,51000.0
110.0,7.0,3.4443,50500.0
111.0,7.0,3.4443,50000.0
112.0,2.0,10.67,50800.0
113.0,3.0,9.6078,51300.0
114.0,3.0,8.5297,51800.0
115.0,3.0,6.8844,52300.0
116.0,3.0,6.0218,52800.0
117.0,8.0,6.0218,49800.0
118.0,0.0,10.2199,50800.0
119.0,1.0,11.7178,51700.0
120.0,2.0,8.6284,52500.0
121.0,2.0,8.2405,53300.0
122.0,2.0,6.9017,54100.0
123.0,2.0,6.6029,54900.0
124.0,2.0,4.932,55700.0
125.0,6.0,4.932,55200.0
126.0,1.0,8.9299,56100.0
127.0,1.0,7.3098,57000.0
128.0,1.0,6.4481,57900.0
129.0,1.0,5.4872,58800.0
130.0,5.0,5.4872,58300.0
131.0,5.0,5.4872,57800.0
132.0,5.0,5.4872,57300.0
133.0,5.0,5.4872,56800.0
134.0,0.0,9.5634,57800.0
135.0,0.0,8.7943,58800.0
136.0,0.0,9.4388,59800.0
137.0,1.0,6.5567,60700.0
138.0,1.0,4.6467,61600.0
139.0,5.0,4.6467,61100.0
140.0,5.0,4.6467,60600.0
141.0,0.0,9.8245,61600.0
142.0,0.0,8.7553,62600.0
143.0,1.0,8.0925,63500.0
144.0,1.0,6.6995,64400.0
145.0,1.0,2.5028,65300.0
146.0,5.0,2.5028,64800.0
147.0,0.0,9.7639,65800.0
148.0,0.0,9.1858,66800.0
149.0,0.0,7.6756,67800.0
150.0,0.0,7.3531,68800.0
151.0,1.0,4.6138,69700.0
152.0,5.0,4.6138,69200.0
153.0,5.0,4.6138,68700.0
154.0,0.0,10.4782,69700.0
155.0,1.0,8.6972,70600.0
156.0,2.0,7.8471,71400.0
157.0,2.0,7.4955,72200.0
158.0,3.0,6.962,72700.0
159.0,3.0,1.1332,73200.0
160.0,7.0,1.1332,72700.0
161.0,2.0,8.419,73500.0
162.0,3.0,7.2466,74000.0
163.0,3.0,7.577,74500.0
164.0,8.0,7.577,71500.0
165.0,8.0,7.577,68500.0
166.0,8.0,7.577,65500.0
167.0,8.0,7.577,62500.0
168.0,8.0,7.577,59500.0
169.0,8.0,7.577,56500.0
170.0,0.0,10.7251,57500.0
171.0,0.0,9.4978,58500.0
172.0,0.0,9.6314,59500.0
173.0,0.0,9.7052,60500.0
174.0,0.0,5.4656,61500.0
175.0,4.0,5.4656,61000.0
176.0,0.0,10.7238,62000.0
177.0,1.0,9.1924,62900.0
178.0,1.0,8.8444,63800.0
179.0,1.0,7.3422,64700.0
180.0,2.0,5.9024,65500.0
181.0,2.0,5.9468,66300.0
182.0,2.0,5.7429,67100.0
183.0,2.0,6.6937,67900.0
184.0,2.0,4.8851,68700.0
185.0,6.0,4.8851,68200.0
186.0,1.0,7.7797,69100.0
187.0,1.0,3.1762,70000.0
188.0,5.0,3.1762,69500.0
189.0,5.0,3.1762,69000.0
190.0,0.0,9.8632,70000.0
191.0,0.0,9.1197,71000.0
192.0,0.0,7.8898,72000.0
193.0,0.0,7.985,73000.0
194.0,0.0,7.142,74000.0
195.0,1.0,6.1766,74900.0
196.0,1.0,5.7579,75800.0
197.0,2.0,5.1303,76600.0
198.0,6.0,5.1303,76100.0
199.0,6.0,5.1303,75600.0
200.0,1.0,6.6808,76500.0
201.0,1.0,5.3692,77400.0
202.0,5.0,5.3692,76900.0
203.0,5.0,5.3692,76400.0
204.0,0.0,9.7791,77400.0
205.0,0.0,9.3077,78400.0
206.0,0.0,7.3331,79400.0
207.0,0.0,9.1406,80400.0
208.0,0.0,5.5653,81400.0
209.0,0.0,5.7476,82400.0
210.0,1.0,5.2178,83300.0
211.0,5.0,5.2178,82800.0
212.0,0.0,7.4398,83800.0
213.0,0.0,7.2338,84800.0
214.0,0.0,5.6605,85800.0
215.0,1.0,6.4977,86700.0
216.0,1.0,5.9731,87600.0
217.0,2.0,4.8574,88400.0
218.0,6.0,4.8574,87900.0
219.0,6.0,4.8574,87400.0
220.0,6.0,4.8574,86900.0
221.0,1.0,6.5571,87800.0
222.0,2.0,5.7964,88600.0
223.0,2.0,5.689,89400.0
224.0,2.0,5.6116,90200.0
225.0,2.0,4.9119,91000.0
226.0,6.0,4.9119,90500.0
227.0,6.0,4.9119,90000.0
228.0,6.0,4.9119,89500.0
229.0,1.0,7.9604,90400.0
230.0,2.0,3.218,91200.0
231.0,6.0,3.218,90700.0
232.0,1.0,9.5139,91600.0
233.0,1.0,8.8632,92500.0
234.0,1.0,9.2502,93400.0
235.0,1.0,7.7808,94300.0
236.0,2.0,6.1843,95100.0
237.0,3.0,5.8806,95600.0
238.0,8.0,5.8806,92600.0
239.0,8.0,5.8806,89600.0
240.0,0.0,10.724,90600.0
241.0,1.0,9.6054,91500.0
242.0,2.0,8.8783,92300.0
243.0,2.0,8.0256,93100.0
244.0,2.0,6.5066,93900.0
245.0,3.0,0.1603,94400.0
246.0,7.0,0.1603,93900.0
247.0,7.0,0.1603,93400.0
248.0,7.0,0.1603,92900.0
249.0,7.0,0.1603,92400.0
250.0,2.0,9.6542,93200.0
251.0,3.0,8.7991,93700.0
252.0,3.0,4.7203,94200.0
253.0,7.0,4.7203,93700.0
254.0,2.0,10.6979,94500.0
255.0,2.0,9.5866,95300.0
256.0,2.0,9.0561,96100.0
257.0,3.0,3.8595,96600.0
258.0,7.0,3.8595,96100.0
259.0,2.0,10.6315,96900.0
260.0,2.0,9.5273,97700.0
261.0,2.0,8.469,98500.0
262.0,2.0,6.7656,99300.0
263.0,3.0,7.771,99800.0
264.0,8.0,7.771,96800.0
265.0,8.0,7.771,93800.0
266.0,8.0,7.771,90800.0
267.0,0.0,10.797,91800.0
268.0,0.0,9.4406,92800.0
269.0,0.0,8.5619,93800.0
270.0,1.0,8.4842,94700.0
271.0,1.0,6.4943,95600.0
272.0,1.0,5.9245,96500.0
273.0,2.0,6.0507,97300.0
274.0,2.0,5.6351,98100.0
275.0,2.0,4.9437,98900.0
276.0,6.0,4.9437,98400.0
277.0,6.0,4.9437,97900.0
278.0,1.0,7.7099,98800.0
279.0,1.0,6.8509,99700.0
280.0,1.0,5.6185,100600.0
281.0,2.0,5.3735,101400.0
282.0,6.0,5.3735,100900.0
283.0,6.0,5.3735,100400.0
284.0,6.0,5.3735,99900.0
285.0,1.0,8.0272,100800.0
286.0,2.0,6.9754,101600.0
287.0,2.0,5.9043,102400.0
288.0,3.0,5.1021,102900.0
289.0,7.0,5.1021,102400.0
290.0,7.0,5.1021,101900.0
291.0,7.0,5.1021,101400.0
292.0,2.0,8.7846,102200.0
293.0,3.0,4.7177,102700.0
294.0,7.0,4.7177,102200.0
295.0,7.0,4.7177,101700.0
296.0,2.0,10.8942,102500.0
297.0,2.0,9.6352,103300.0
298.0,2.0,8.7038,104100.0
299.0,2.0,7.45,104900.0
300.0,2.0,6.9895,105700.0
301.0,2.0,6.5113,106500.0
302.0,3.0,1.188,107000.0
303.0,7.0,1.188,106500.0
304.0,7.0,1.188,106000.0
305.0,7.0,1.188,105500.0
306.0,2.0,8.769,106300.0
307.0,2.0,7.828,107100.0
308.0,2.0,7.3869,107900.0
309.0,2.0,4.7408,108700.0
310.0,6.0,4.7408,108200.0
311.0,6.0,4.7408,107700.0
312.0,1.0,10.0324,108600.0
313.0,1.0,8.5029,109500.0
314.0,1.0,8.1631,110400.0
315.0,2.0,6.1831,111200.0
316.0,2.0,3.6376,112000.0
317.0,6.0,3.6376,111500.0
318.0,1.0,11.3483,112400.0
319.0,1.0,9.0634,113300.0
320.0,1.0,7.7377,114200.0
321.0,1.0,5.8205,115100.0
322.0,1.0,6.5747,116000.0
323.0,2.0,6.1026,116800.0
324.0,2.0,5.2632,117600.0
325.0,6.0,5.2632,117100.0
326.0,6.0,5.2632,116600.0
327.0,6.0,5.2632,116100.0
328.0,6.0,5.2632,115600.0
329.0,6.0,5.2632,115100.0
330.0,1.0,8.0904,116000.0
331.0,2.0,7.1589,116800.0
332.0,2.0,5.5924,117600.0
333.0,3.0,1.7693,118100.0
334.0,7.0,1.7693,117600.0
335.0,2.0,8.4708,118400.0
336.0,2.0,7.816,119200.0
337.0,3.0,6.5932,119700.0
338.0,3.0,5.0927,120200.0
339.0,7.0,5.0927,119700.0
340.0,2.0,9.7795,120500.0
341.0,2.0,8.6143,121300.0
342.0,3.0,5.9031,121800.0
343.0,8.0,5.9031,118800.0
344.0,8.0,5.9031,115800.0
345.0,8.0,5.9031,112800.0
346.0,8.0,5.9031,109800.0
347.0,8.0,5.9031,106800.0
348.0,0.0,10.935,107800.0
349.0,0.0,9.5461,108800.0
350.0,1.0,8.1031,109700.0
351.0,2.0,7.8999,110500.0
352.0,3.0,3.4024,111000.0
353.0,7.0,3.4024,110500.0
354.0,7.0,3.4024,110000.0
355.0,7.0,3.4024,109500.0
356.0,2.0,10.6425,110300.0
357.0,3.0,10.6928,110800.0
358.0,3.0,8.3541,111300.0
359.0,8.0,8.3541,108300.0
360.0,8.0,8.3541,105300.0
361.0,8.0,8.3541,102300.0
362.0,0.0,10.6824,103300.0
363.0,1.0,9.3263,104200.0
364.0,1.0,8.673,105100.0
365.0,1.0,7.8831,106000.0
366.0,1.0,6.4681,106900.0
367.0,1.0,6.9856,107800.0
368.0,2.0,5.0422,108600.0
369.0,6.0,5.0422,108100.0
370.0,6.0,5.0422,107600.0
371.0,1.0,8.6325,108500.0
372.0,2.0,8.2277,109300.0
373.0,3.0,4.7482,109800.0
374.0,7.0,4.7482,109300.0
375.0,7.0,4.7482,108800.0
376.0,2.0,10.5881,109600.0
377.0,2.0,9.5736,110400.0
378.0,2.0,8.8044,111200.0
379.0,3.0,8.2833,111700.0
380.0,3.0,7.175,112200.0
381.0,8.0,7.175,109200.0
382.0,8.0,7.175,106200.0
383.0,8.0,7.175,103200.0
384.0,0.0,10.6075,104200.0
385.0,0.0,9.8081,105200.0
386.0,0.0,9.0545,106200.0
387.0,1.0,8.0815,107100.0
388.0,1.0,7.6815,108000.0
389.0,1.0,7.0849,108900.0
390.0,2.0,6.1552,109700.0
391.0,3.0,4.8646,110200.0
392.0,7.0,4.8646,109700.0
393.0,7.0,4.8646,109200.0
394.0,2.0,7.9308,110000.0
395.0,2.0,5.5876,110800.0
396.0,3.0,6.2617,111300.0
397.0,3.0,3.9335,111800.0
398.0,7.0,3.9335,111300.0
399.0,7.0,3.9335,110800.0
400.0,7.0,3.9335,110300.0
401.0,7.0,3.9335,109800.0
402.0,7.0,3.9335,109300.0
403.0,2.0,9.6296,110100.0
404.0,3.0,4.6518,110600.0
405.0,7.0,4.6518,110100.0
406.0,7.0,4.6518,109600.0
407.0,7.0,4.6518,109100.0
408.0,7.0,4.6518,108600.0
409.0,2.0,10.7172,109400.0
410.0,3.0,10.9184,109900.0
411.0,3.0,8.9125,110400.0
412.0,3.0,7.3207,110900.0
413.0,8.0,7.3207,107900.0
414.0,0.0,10.6253,108900.0
415.0,0.0,9.7161,109900.0
416.0,1.0,8.9824,110800.0
417.0,1.0,7.7962,111700.0
418.0,2.0,6.7641,112500.0
419.0,2.0,7.3076,113300.0
420.0,2.0,5.5221,114100.0
421.0,2.0,4.5454,114900.0
422.0,6.0,4.5454,114400.0
423.0,6.0,4.5454,113900.0
424.0,1.0,7.9758,114800.0
425.0,2.0,7.9931,115600.0
426.0,2.0,5.517,116400.0
427.0,3.0,5.6229,116900.0
428.0,8.0,5.6229,113900.0
429.0,8.0,5.6229,110900.0
430.0,0.0,10.8478,111900.0
431.0,0.0,9.4352,112900.0
432.0,0.0,9.6274,113900.0
433.0,0.0,7.7821,114900.0
434.0,0.0,8.3592,115900.0
435.0,0.0,5.202,116900.0
436.0,4.0,5.202,116400.0
437.0,4.0,5.202,115900.0
438.0,0.0,9.8637,116900.0
439.0,1.0,7.8959,117800.0
440.0,2.0,7.0534,118600.0
441.0,2.0,7.6635,119400.0
442.0,2.0,7.4563,120200.0
443.0,2.0,5.5882,121000.0
444.0,2.0,5.0037,121800.0
445.0,6.0,5.0037,121300.0
446.0,6.0,5.0037,120800.0
447.0,1.0,7.723,121700.0
448.0,1.0,8.2941,122600.0
449.0,1.0,6.8422,123500.0
450.0,1.0,6.1533,124400.0
451.0,2.0,5.1661,125200.0
452.0,6.0,5.1661,124700.0
453.0,6.0,5.1661,124200.0
454.0,6.0,5.1661,123700.0
455.0,1.0,7.8588,124600.0
456.0,2.0,6.8929,125400.0
457.0,3.0,6.5206,125900.0
458.0,3.0,5.6938,126400.0
459.0,3.0,5.3871,126900.0
460.0,7.0,5.3871,126400.0
461.0,2.0,7.7606,127200.0
462.0,2.0,6.882,128000.0
463.0,2.0,5.8411,128800.0
464.0,9.0,5.8411,127800.0
465.0,9.0,5.8411,126800.0
466.0,9.0,5.8411,125800.0
467.0,9.0,5.8411,124800.0
468.0,9.0,5.8411,123800.0
469.0,9.0,5.8411,122800.0
470.0,9.0,5.8411,121800.0
471.0,9.0,5.8411,120800.0
472.0,9.0,5.8411,119800.0
473.0,9.0,5.8411,118800.0
474.0,9.0,5.8411,117800.0
475.0,0.0,10.6716,118800.0
476.0,0.0,9.5592,119800.0
477.0,0.0,9.1678,120800.0
478.0,1.0,8.4327,121700.0
479.0,2.0,7.5931,122500.0
480.0,2.0,6.0978,123300.0
481.0,2.0,4.8888,124100.0
482.0,6.0,4.8888,123600.0
483.0,6.0,4.8888,123100.0
484.0,6.0,4.8888,122600.0
485.0,6.0,4.8888,122100.0
486.0,6.0,4.8888,121600.0
487.0,1.0,8.777,122500.0
488.0,1.0,7.8365,123400.0
489.0,2.0,4.9258,124200.0
490.0,6.0,4.9258,123700.0
491.0,6.0,4.9258,123200.0
492.0,6.0,4.9258,122700.0
493.0,1.0,10.743,123600.0
494.0,2.0,9.5789,124400.0
495.0,2.0,8.7366,125200.0
496.0,2.0,8.1614,126000.0
497.0,3.0,6.3658,126500.0
498.0,9.0,6.3658,125500.0
499.0,0.0,10.5564,126500.0
500.0,1.0,9.6862,127400.0
501.0,1.0,8.2427,128300.0
502.0,1.0,8.0956,129200.0
503.0,2.0,7.2022,130000.0
504.0,2.0,7.073,130800.0
505.0,2.0,5.1959,131600.0
506.0,6.0,5.1959,131100.0
507.0,6.0,5.1959,130600.0
508.0,6.0,5.1959,130100.0
509.0,1.0,9.3248,131000.0
510.0,1.0,8.3432,131900.0
511.0,1.0,6.8279,132800.0
512.0,2.0,5.3699,133600.0
513.0,6.0,5.3699,133100.0
514.0,6.0,5.3699,132600.0
515.0,1.0,9.7254,133500.0
516.0,1.0,8.5841,134400.0
517.0,1.0,7.4664,135300.0
518.0,2.0,7.4296,136100.0
519.0,3.0,5.2777,136600.0
520.0,7.0,5.2777,136100.0
521.0,2.0,9.7699,136900.0
522.0,2.0,9.0054,137700.0
523.0,3.0,5.9684,138200.0
524.0,3.0,6.8479,138700.0
525.0,3.0,2.0711,139200.0
526.0,7.0,2.0711,138700.0
527.0,7.0,2.0711,138200.0
528.0,7.0,2.0711,137700.0
529.0,2.0,9.6321,138500.0
530.0,3.0,8.0923,139000.0
531.0,3.0,5.9673,139500.0
532.0,3.0,7.2568,140000.0
533.0,3.0,2.6152,140500.0
534.0,7.0,2.6152,140000.0
535.0,2.0,9.5234,140800.0
536.0,3.0,8.5857,141300.0
537.0,3.0,7.1803,141800.0
538.0,3.0,5.7038,142300.0
539.0,8.0,5.7038,139300.0
540.0,8.0,5.7038,136300.0
541.0,8.0,5.7038,133300.0
542.0,8.0,5.7038,130300.0
543.0,8.0,5.7038,127300.0
544.0,8.0,5.7038,124300.0
545.0,8.0,5.7038,121300.0
546.0,8.0,5.7038,118300.0
547.0,0.0,10.5861,119300.0
548.0,0.0,9.6583,120300.0
549.0,0.0,8.5853,121300.0
550.0,1.0,8.0674,122200.0
551.0,1.0,7.3581,123100.0
552.0,1.0,7.1575,124000.0
553.0,1.0,6.173,124900.0
554.0,1.0,5.708,125800.0
555.0,1.0,4.8248,126700.0
556.0,5.0,4.8248,126200.0
557.0,0.0,7.7899,127200.0
558.0,1.0,6.0097,128100.0
559.0,1.0,6.6468,129000.0
560.0,1.0,6.3636,129900.0
561.0,1.0,5.2127,130800.0
562.0,9.0,5.2127,129800.0
563.0,9.0,5.2127,128800.0
564.0,9.0,5.2127,127800.0
565.0,9.0,5.2127,126800.0
566.0,9.0,5.2127,125800.0
567.0,9.0,5.2127,124800.0
568.0,9.0,5.2127,123800.0
569.0,9.0,5.2127,122800.0
570.0,9.0,5.2127,121800.0
571.0,9.0,5.2127,120800.0
572.0,9.0,5.2127,119800.0
573.0,9.0,5.2127,118800.0
574.0,9.0,5.2127,117800.0
575.0,9.0,5.2127,116800.0
576.0,9.0,5.2127,115800.0
577.0,9.0,5.2127,114800.0
578.0,9.0,5.2127,113800.0
579.0,9.0,5.2127,112800.0
580.0,9.0,5.2127,111800.0
581.0,9.0,5.2127,110800.0
582.0,9.0,5.2127,109800.0
583.0,9.0,5.2127,108800.0
584.0,9.0,5.2127,107800.0
585.0,9.0,5.2127,106800.0
586.0,0.0,10.8335,107800.0
587.0,0.0,9.7216,108800.0
588.0,1.0,8.6704,109700.0
589.0,1.0,6.2151,110600.0
590.0,2.0,2.5012,111400.0
591.0,6.0,2.5012,110900.0
592.0,1.0,10.6102,111800.0
593.0,1.0,9.7747,112700.0
594.0,1.0,8.6349,113600.0
595.0,2.0,8.9874,114400.0
596.0,2.0,6.7173,115200.0
597.0,2.0,8.1817,116000.0
598.0,2.0,1.3544,116800.0
599.0,6.0,1.3544,116300.0
600.0,1.0,9.3315,117200.0
601.0,1.0,8.0626,118100.0
602.0,2.0,6.3573,118900.0
603.0,2.0,6.8239,119700.0
604.0,2.0,6.1803,120500.0
605.0,3.0,5.0594,121000.0
606.0,7.0,5.0594,120500.0
607.0,7.0,5.0594,120000.0
608.0,7.0,5.0594,119500.0
609.0,7.0,5.0594,119000.0
610.0,7.0,5.0594,118500.0
611.0,2.0,7.6854,119300.0
612.0,2.0,6.549,120100.0
613.0,2.0,5.8856,120900.0
614.0,2.0,6.2062,121700.0
615.0,2.0,5.8553,122500.0
616.0,2.0,4.8236,123300.0
617.0,6.0,4.8236,122800.0
618.0,1.0,5.7875,123700.0
619.0,2.0,5.6459,124500.0
620.0,2.0,5.2142,125300.0
621.0,6.0,5.2142,124800.0
622.0,6.0,5.2142,124300.0
623.0,6.0,5.2142,123800.0
624.0,1.0,8.7822,124700.0
625.0,1.0,8.1341,125600.0
626.0,1.0,6.7891,126500.0
627.0,1.0,5.811,127400.0
628.0,2.0,4.5688,128200.0
629.0,6.0,4.5688,127700.0
630.0,1.0,8.3776,128600.0
631.0,2.0,5.2953,129400.0
632.0,6.0,5.2953,128900.0
633.0,6.0,5.2953,128400.0
634.0,1.0,10.6661,129300.0
635.0,1.0,9.7683,130200.0
636.0,1.0,8.3988,131100.0
637.0,1.0,8.1846,132000.0
638.0,1.0,7.9637,132900.0
639.0,1.0,7.2485,133800.0
640.0,1.0,6.1244,134700.0
641.0,2.0,4.5505,135500.0
642.0,6.0,4.5505,135000.0
643.0,1.0,7.5387,135900.0
644.0,2.0,6.4322,136700.0
645.0,3.0,5.8539,137200.0
646.0,8.0,5.8539,134200.0
647.0,8.0,5.8539,131200.0
648.0,8.0,5.8539,128200.0
649.0,8.0,5.8539,125200.0
650.0,8.0,5.8539,122200.0
651.0,8.0,5.8539,119200.0
652.0,8.0,5.8539,116200.0
653.0,8.0,5.8539,113200.0
654.0,8.0,5.8539,110200.0
655.0,8.0,5.8539,107200.0
656.0,8.0,5.8539,104200.0
657.0,0.0,10.6731,105200.0
658.0,9.0,10.6731,104200.0
659.0,9.0,10.6731,103200.0
660.0,9.0,10.6731,102200.0
661.0,9.0,10.6731,101200.0
662.0,9.0,10.6731,100200.0
663.0,9.0,10.6731,99200.0
664.0,9.0,10.6731,98200.0
665.0,9.0,10.6731,97200.0
666.0,9.0,10.6731,96200.0
667.0,9.0,10.6731,95200.0
668.0,9.0,10.6731,94200.0
669.0,9.0,10.6731,93200.0
670.0,9.0,10.6731,92200.0
671.0,9.0,10.6731,91200.0
672.0,9.0,10.6731,90200.0
673.0,9.0,10.6731,89200.0
674.0,9.0,10.6731,88200.0
675.0,9.0,10.6731,87200.0
676.0,9.0,10.6731,86200.0
677.0,9.0,10.6731,85200.0
678.0,9.0,10.6731,84200.0
679.0,9.0,10.6731,83200.0
680.0,0.0,10.6876,84200.0
681.0,0.0,9.7021,85200.0
682.0,0.0,9.0353,86200.0
683.0,0.0,7.644,87200.0
684.0,0.0,6.7452,88200.0
685.0,0.0,5.4252,89200.0
686.0,4.0,5.4252,88700.0
687.0,4.0,5.4252,88200.0
688.0,4.0,5.4252,87700.0
689.0,4.0,5.4252,87200.0
690.0,0.0,9.3761,88200.0
691.0,0.0,9.2534,89200.0
692.0,0.0,7.7392,90200.0
693.0,0.0,6.0401,91200.0
694.0,0.0,6.9491,92200.0
695.0,0.0,6.7484,93200.0
696.0,1.0,5.3607,94100.0
697.0,5.0,5.3607,93600.0
698.0,0.0,7.8119,94600.0
699.0,1.0,7.7633,95500.0
700.0,2.0,2.7095,96300.0
701.0,6.0,2.7095,95800.0
702.0,1.0,9.4299,96700.0
703.0,1.0,9.1572,97600.0
704.0,1.0,8.0234,98500.0
705.0,1.0,7.1053,99400.0
706.0,1.0,6.6369,100300.0
707.0,1.0,5.4207,101200.0
708.0,5.0,5.4207,100700.0
709.0,0.0,8.7211,101700.0
710.0,1.0,8.2099,102600.0
711.0,1.0,7.1852,103500.0
712.0,1.0,6.8404,104400.0
713.0,1.0,5.707,105300.0
714.0,2.0,5.0435,106100.0
715.0,6.0,5.0435,105600.0
716.0,6.0,5.0435,105100.0
717.0,6.0,5.0435,104600.0
718.0,1.0,7.906,105500.0
719.0,1.0,7.4231,106400.0
720.0,2.0,5.9231,107200.0
721.0,2.0,5.4859,108000.0
722.0,6.0,5.4859,107500.0
723.0,6.0,5.4859,107000.0
724.0,6.0,5.4859,106500.0
725.0,1.0,9.0794,107400.0
726.0,1.0,7.7507,108300.0
727.0,2.0,7.9889,109100.0
728.0,2.0,6.2291,109900.0
729.0,2.0,5.6879,110700.0
730.0,3.0,5.3166,111200.0
731.0,7.0,5.3166,110700.0
732.0,2.0,7.8657,111500.0
733.0,2.0,7.5033,112300.0
734.0,9.0,7.5033,111300.0
735.0,9.0,7.5033,110300.0
736.0,9.0,7.5033,109300.0
737.0,9.0,7.5033,108300.0
738.0,9.0,7.5033,107300.0
739.0,9.0,7.5033,106300.0
740.0,9.0,7.5033,105300.0
741.0,9.0,7.5033,104300.0
742.0,0.0,10.7942,105300.0
743.0,0.0,9.8356,106300.0
744.0,1.0,8.8583,107200.0
745.0,1.0,7.3084,108100.0
746.0,1.0,7.7998,109000.0
747.0,1.0,7.9975,109900.0
748.0,1.0,5.3652,110800.0
749.0,5.0,5.3652,110300.0
750.0,5.0,5.3652,109800.0
751.0,0.0,8.8526,110800.0
752.0,1.0,7.9235,111700.0
753.0,1.0,6.933,112600.0
754.0,9.0,6.933,111600.0
755.0,9.0,6.933,110600.0
756.0,9.0,6.933,109600.0
757.0,9.0,6.933,108600.0
758.0,0.0,10.803,109600.0
759.0,0.0,9.5804,110600.0
760.0,0.0,9.5714,111600.0
761.0,0.0,7.4276,112600.0
762.0,1.0,6.2972,113500.0
763.0,1.0,6.2267,114400.0
764.0,1.0,6.4595,115300.0
765.0,1.0,5.3318,116200.0
766.0,5.0,5.3318,115700.0
767.0,5.0,5.3318,115200.0
768.0,5.0,5.3318,114700.0
769.0,0.0,7.7267,115700.0
770.0,0.0,6.5669,116700.0
771.0,0.0,6.5098,117700.0
772.0,0.0,7.3372,118700.0
773.0,1.0,5.466,119600.0
774.0,5.0,5.466,119100.0
775.0,5.0,5.466,118600.0
776.0,0.0,8.5348,119600.0
777.0,0.0,6.9033,120600.0
778.0,0.0,6.533,121600.0
779.0,0.0,6.3604,122600.0
780.0,1.0,5.4868,123500.0
781.0,5.0,5.4868,123000.0
782.0,5.0,5.4868,122500.0
783.0,0.0,8.2214,123500.0
784.0,0.0,7.7886,124500.0
785.0,0.0,6.7074,125500.0
786.0,1.0,5.9958,126400.0
787.0,2.0,5.8003,127200.0
788.0,3.0,0.2197,127700.0
789.0,7.0,0.2197,127200.0
790.0,2.0,7.0235,128000.0
791.0,2.0,6.0981,128800.0
792.0,2.0,5.3083,129600.0
793.0,6.0,5.3083,129100.0
794.0,6.0,5.3083,128600.0
795.0,1.0,8.9446,129500.0
796.0,1.0,7.3339,130400.0
797.0,1.0,7.5231,131300.0
798.0,1.0,5.898,132200.0
799.0,1.0,5.924,133100.0
800.0,1.0,5.0087,134000.0
801.0,5.0,5.0087,133500.0
802.0,0.0,8.4492,134500.0
803.0,0.0,6.545,135500.0
804.0,0.0,6.4008,136500.0
805.0,0.0,7.3494,137500.0
806.0,0.0,5.747,138500.0
807.0,0.0,4.6281,139500.0
808.0,4.0,4.6281,139000.0
809.0,0.0,6.5751,140000.0
810.0,0.0,5.6673,141000.0
811.0,0.0,7.3229,142000.0
812.0,0.0,4.6464,143000.0
813.0,4.0,4.6464,142500.0
814.0,0.0,7.9071,143500.0
815.0,1.0,6.8481,144400.0
816.0,1.0,6.3153,145300.0
817.0,1.0,5.7661,146200.0
818.0,1.0,0.5062,147100.0
819.0,5.0,0.5062,146600.0
820.0,0.0,7.8663,147600.0
821.0,1.0,8.4551,148500.0
822.0,1.0,6.9104,149400.0
823.0,1.0,5.1453,150300.0
824.0,5.0,5.1453,149800.0
825.0,5.0,5.1453,149300.0
826.0,5.0,5.1453,148800.0
827.0,0.0,8.5681,149800.0
828.0,0.0,8.0391,150800.0
829.0,0.0,8.0187,151800.0
830.0,0.0,6.7826,152800.0
831.0,0.0,6.4595,153800.0
832.0,0.0,6.0291,154800.0
833.0,0.0,5.0756,155800.0
834.0,4.0,5.0756,155300.0
835.0,4.0,5.0756,154800.0
836.0,4.0,5.0756,154300.0
837.0,4.0,5.0756,153800.0
838.0,4.0,5.0756,153300.0
839.0,0.0,6.1605,154300.0
840.0,0.0,5.7546,155300.0
841.0,0.0,6.2133,156300.0
842.0,0.0,5.1485,157300.0
843.0,4.0,5.1485,156800.0
844.0,4.0,5.1485,156300.0
845.0,4.0,5.1485,155800.0
846.0,0.0,8.9817,156800.0
847.0,0.0,6.4497,157800.0
848.0,1.0,5.5598,158700.0
849.0,1.0,6.3433,159600.0
850.0,1.0,5.1258,160500.0
851.0,5.0,5.1258,160000.0
852.0,0.0,7.6612,161000.0
853.0,1.0,7.4447,161900.0
854.0,1.0,6.1607,162800.0
855.0,2.0,5.6461,163600.0
856.0,2.0,5.4028,164400.0
857.0,6.0,5.4028,163900.0
858.0,6.0,5.4028,163400.0
859.0,1.0,7.6508,164300.0
860.0,2.0,7.527,165100.0
861.0,2.0,7.7185,165900.0
862.0,2.0,6.0168,166700.0
863.0,3.0,4.2306,167200.0
864.0,7.0,4.2306,166700.0
865.0,2.0,8.149,167500.0
866.0,2.0,7.4597,168300.0
867.0,2.0,5.979,169100.0
868.0,3.0,5.6333,169600.0
869.0,8.0,5.6333,166600.0
870.0,8.0,5.6333,163600.0
871.0,8.0,5.6333,160600.0
872.0,0.0,10.7179,161600.0
873.0,0.0,9.703,162600.0
874.0,1.0,8.4867,163500.0
875.0,2.0,8.1545,164300.0
876.0,2.0,6.6429,165100.0
877.0,2.0,2.5388,165900.0
878.0,6.0,2.5388,165400.0
879.0,1.0,9.3512,166300.0
880.0,2.0,9.5273,167100.0
881.0,2.0,7.6006,167900.0
882.0,2.0,8.7744,168700.0
883.0,3.0,4.4914,169200.0
884.0,7.0,4.4914,168700.0
885.0,7.0,4.4914,168200.0
886.0,2.0,9.749,169000.0
887.0,2.0,8.5898,169800.0
888.0,3.0,4.0689,170300.0
889.0,7.0,4.0689,169800.0
890.0,2.0,10.7792,170600.0
891.0,3.0,9.7496,171100.0
892.0,8.0,9.7496,168100.0
893.0,8.0,9.7496,165100.0
894.0,8.0,9.7496,162100.0
895.0,8.0,9.7496,159100.0
896.0,8.0,9.7496,156100.0
897.0,8.0,9.7496,153100.0
898.0,0.0,10.6749,154100.0
899.0,0.0,9.6695,155100.0
900.0,0.0,8.8455,156100.0
901.0,1.0,8.37,157000.0
902.0,1.0,6.5207,157900.0
903.0,2.0,1.4729,158700.0
904.0,6.0,1.4729,158200.0
905.0,1.0,9.3338,159100.0
906.0,1.0,9.4756,160000.0
907.0,1.0,8.2486,160900.0
908.0,1.0,7.4276,161800.0
909.0,1.0,7.0452,162700.0
910.0,1.0,6.5988,163600.0
911.0,1.0,5.0886,164500.0
912.0,5.0,5.0886,164000.0
913.0,5.0,5.0886,163500.0
914.0,0.0,8.7971,164500.0
915.0,0.0,7.3225,165500.0
916.0,0.0,6.5639,166500.0
917.0,0.0,5.8252,167500.0
918.0,1.0,5.3476,168400.0
919.0,5.0,5.3476,167900.0
920.0,0.0,9.1329,168900.0
921.0,1.0,6.6979,169800.0
922.0,1.0,6.4745,170700.0
923.0,1.0,6.2004,171600.0
924.0,1.0,5.9072,172500.0
925.0,2.0,4.929,173300.0
926.0,6.0,4.929,172800.0
927.0,6.0,4.929,172300.0
928.0,1.0,7.7441,173200.0
929.0,2.0,2.564,174000.0
930.0,6.0,2.564,173500.0
931.0,1.0,9.7633,174400.0
932.0,1.0,8.5694,175300.0
933.0,1.0,8.0394,176200.0
934.0,1.0,8.003,177100.0
935.0,1.0,4.6322,178000.0
936.0,5.0,4.6322,177500.0
937.0,5.0,4.6322,177000.0
938.0,5.0,4.6322,176500.0
939.0,0.0,9.5197,177500.0
940.0,0.0,9.1392,178500.0
941.0,0.0,8.2364,179500.0
942.0,0.0,6.7619,180500.0
943.0,1.0,4.6573,181400.0
944.0,5.0,4.6573,180900.0
945.0,5.0,4.6573,180400.0
946.0,0.0,11.1123,181400.0
947.0,0.0,9.2772,182400.0
948.0,0.0,7.6636,183400.0
949.0,0.0,6.9482,184400.0
950.0,0.0,5.9496,185400.0
951.0,0.0,5.9775,186400.0
952.0,0.0,5.3468,187400.0
953.0,4.0,5.3468,186900.0
954.0,4.0,5.3468,186400.0
955.0,4.0,5.3468,185900.0
956.0,4.0,5.3468,185400.0
957.0,4.0,5.3468,184900.0
958.0,4.0,5.3468,184400.0
959.0,4.0,5.3468,183900.0
960.0,4.0,5.3468,183400.0
961.0,0.0,8.0302,184400.0
962.0,0.0,6.9561,185400.0
963.0,1.0,6.1226,186300.0
964.0,1.0,6.1271,187200.0
965.0,1.0,1.4704,188100.0
966.0,5.0,1.4704,187600.0
967.0,0.0,8.3704,188600.0
968.0,0.0,8.176,189600.0
969.0,0.0,6.8749,190600.0
970.0,0.0,7.3642,191600.0
971.0,1.0,5.6038,192500.0
972.0,1.0,5.3048,193400.0
973.0,5.0,5.3048,192900.0
974.0,0.0,6.8056,193900.0
975.0,1.0,6.5232,194800.0
976.0,1.0,6.6635,195700.0
977.0,1.0,5.9388,196600.0
978.0,1.0,5.4175,197500.0
979.0,5.0,5.4175,197000.0
980.0,5.0,5.4175,196500.0
981.0,5.0,5.4175,196000.0
982.0,0.0,6.454,197000.0
983.0,0.0,3.6213,198000.0
984.0,4.0,3.6213,197500.0
985.0,0.0,9.538,198500.0
986.0,0.0,8.8663,199500.0
987.0,1.0,9.2915,200400.0
988.0,1.0,7.1098,201300.0
989.0,1.0,7.5569,202200.0
990.0,1.0,5.968,203100.0
991.0,1.0,4.973,204000.0
992.0,5.0,4.973,203500.0
993.0,5.0,4.973,203000.0
994.0,0.0,7.6955,204000.0
995.0,0.0,7.0316,205000.0
996.0,0.0,6.5809,206000.0
997.0,1.0,5.8973,206900.0
998.0,1.0,4.7226,207800.0
999.0,5.0,4.7226,207300.0
1000.0,5.0,4.7226,206800.0
1001.0,0.0,7.8095,207800.0
1002.0,1.0,8.0229,208700.0
1003.0,2.0,6.8712,209500.0
1004.0,2.0,5.2812,210300.0
1005.0,6.0,5.2812,209800.0
1006.0,6.0,5.2812,209300.0
1007.0,1.0,8.5761,210200.0
1008.0,1.0,8.7986,211100.0
1009.0,1.0,6.157,212000.0
1010.0,1.0,7.3244,212900.0
1011.0,2.0,6.4014,213700.0
1012.0,3.0,1.8265,214200.0
1013.0,7.0,1.8265,213700.0
1014.0,2.0,7.6743,214500.0
1015.0,2.0,6.4495,215300.0
1016.0,3.0,5.8675,215800.0
1017.0,3.0,1.9864,216300.0
1018.0,7.0,1.9864,215800.0
1019.0,7.0,1.9864,215300.0
1020.0,2.0,8.2804,216100.0
1021.0,2.0,8.1337,216900.0
1022.0,2.0,6.8396,217700.0
1023.0,2.0,6.6786,218500.0
1024.0,3.0,5.0484,219000.0
1025.0,7.0,5.0484,218500.0
1026.0,7.0,5.0484,218000.0
1027.0,7.0,5.0484,217500.0
1028.0,2.0,8.8769,218300.0
1029.0,3.0,5.6612,218800.0
1030.0,3.0,7.6056,219300.0
1031.0,3.0,5.883,219800.0
1032.0,8.0,5.883,216800.0
1033.0,0.0,10.8602,217800.0
1034.0,0.0,9.942,218800.0
1035.0,0.0,9.5299,219800.0
1036.0,1.0,7.0575,220700.0
1037.0,2.0,6.806,221500.0
1038.0,2.0,5.4515,222300.0
1039.0,6.0,5.4515,221800.0
1040.0,6.0,5.4515,221300.0
1041.0,6.0,5.4515,220800.0
1042.0,1.0,9.6666,221700.0
1043.0,2.0,8.9594,222500.0
1044.0,2.0,8.8053,223300.0
1045.0,3.0,4.592,223800.0
1046.0,7.0,4.592,223300.0
1047.0,2.0,10.8646,224100.0
1048.0,2.0,9.7282,224900.0
1049.0,2.0,8.5344,225700.0
1050.0,3.0,8.1525,226200.0
1051.0,3.0,6.8023,226700.0
1052.0,3.0,3.083,227200.0
1053.0,7.0,3.083,226700.0
1054.0,2.0,9.5894,227500.0
1055.0,3.0,8.7543,228000.0
1056.0,3.0,4.084,228500.0
1057.0,7.0,4.084,228000.0
1058.0,7.0,4.084,227500.0
1059.0,2.0,11.0313,228300.0
1060.0,2.0,9.3725,229100.0
1061.0,2.0,8.8343,229900.0
1062.0,3.0,7.3463,230400.0
1063.0,3.0,6.6729,230900.0
1064.0,9.0,6.6729,229900.0
1065.0,9.0,6.6729,228900.0
1066.0,9.0,6.6729,227900.0
1067.0,9.0,6.6729,226900.0
1068.0,9.0,6.6729,225900.0
1069.0,9.0,6.6729,224900.0
1070.0,0.0,10.793,225900.0
1071.0,0.0,9.9767,226900.0
1072.0,0.0,8.7747,227900.0
1073.0,0.0,7.3454,228900.0
1074.0,0.0,5.8223,229900.0
1075.0,1.0,6.4236,230800.0
1076.0,2.0,5.3597,231600.0
1077.0,6.0,5.3597,231100.0
1078.0,6.0,5.3597,230600.0
1079.0,6.0,5.3597,230100.0
1080.0,6.0,5.3597,229600.0
1081.0,6.0,5.3597,229100.0
1082.0,1.0,8.8146,230000.0
1083.0,2.0,8.0154,230800.0
1084.0,2.0,6.1456,231600.0
1085.0,3.0,2.8949,232100.0
1086.0,7.0,2.8949,231600.0
1087.0,7.0,2.8949,231100.0
1088.0,2.0,9.6196,231900.0
1089.0,2.0,8.9145,232700.0
1090.0,9.0,8.9145,231700.0
1091.0,9.0,8.9145,230700.0
1092.0,9.0,8.9145,229700.0
1093.0,9.0,8.9145,228700.0
1094.0,9.0,8.9145,227700.0
1095.0,9.0,8.9145,226700.0
1096.0,9.0,8.9145,225700.0
1097.0,9.0,8.9145,224700.0
1098.0,9.0,8.9145,223700.0
1099.0,9.0,8.9145,222700.0
1100.0,9.0,8.9145,221700.0
1101.0,9.0,8.9145,220700.0
1102.0,9.0,8.9145,219700.0
1103.0,9.0,8.9145,218700.0
1104.0,9.0,8.9145,217700.0
1105.0,9.0,8.9145,216700.0
1106.0,9.0,8.9145,215700.0
1107.0,0.0,10.7506,216700.0
1108.0,1.0,9.9155,217600.0
1109.0,1.0,8.9315,218500.0
1110.0,2.0,8.9209,219300.0
1111.0,2.0,7.3932,220100.0
1112.0,2.0,5.5702,220900.0
1113.0,2.0,6.8419,221700.0
1114.0,2.0,5.2417,222500.0
1115.0,6.0,5.2417,222000.0
1116.0,6.0,5.2417,221500.0
1117.0,1.0,8.8468,222400.0
1118.0,2.0,7.0993,223200.0
1119.0,2.0,5.6989,224000.0
1120.0,2.0,6.7248,224800.0
1121.0,3.0,5.5115,225300.0
1122.0,8.0,5.5115,222300.0
1123.0,8.0,5.5115,219300.0
1124.0,8.0,5.5115,216300.0
1125.0,8.0,5.5115,213300.0
1126.0,8.0,5.5115,210300.0
1127.0,8.0,5.5115,207300.0
1128.0,0.0,10.6896,208300.0
1129.0,0.0,9.7888,209300.0
1130.0,0.0,8.7963,210300.0
1131.0,1.0,7.5273,211200.0
1132.0,2.0,6.1164,212000.0
1133.0,2.0,6.7915,212800.0
1134.0,2.0,6.9432,213600.0
1135.0,2.0,6.0765,214400.0
1136.0,3.0,4.5163,214900.0
1137.0,7.0,4.5163,214400.0
1138.0,2.0,7.183,215200.0
1139.0,2.0,5.9063,216000.0
1140.0,2.0,6.4691,216800.0
1141.0,3.0,4.9606,217300.0
1142.0,7.0,4.9606,216800.0
1143.0,7.0,4.9606,216300.0
1144.0,2.0,7.7023,217100.0
1145.0,2.0,6.8414,217900.0
1146.0,9.0,6.8414,216900.0
1147.0,9.0,6.8414,215900.0
1148.0,9.0,6.8414,214900.0
1149.0,9.0,6.8414,213900.0
1150.0,9.0,6.8414,212900.0
1151.0,9.0,6.8414,211900.0
1152.0,9.0,10.6536,210900.0
1153.0,9.0,10.6536,209900.0
1154.0,9.0,10.6536,208900.0
1155.0,9.0,10.6536,207900.0
1156.0,9.0,10.6536,206900.0
1157.0,9.0,10.6536,205900.0
1158.0,9.0,10.6536,204900.0
1159.0,9.0,10.6536,203900.0
1160.0,9.0,10.6536,202900.0
1161.0,9.0,10.6536,201900.0
1162.0,9.0,10.6536,200900.0
1163.0,9.0,10.6536,199900.0
1164.0,9.0,10.6536,198900.0
1165.0,0.0,10.3903,199900.0
1166.0,1.0,9.6548,200800.0
1167.0,2.0,8.8722,201600.0
1168.0,2.0,8.6491,202400.0
1169.0,2.0,5.2953,203200.0
1170.0,6.0,5.2953,202700.0
1171.0,6.0,5.2953,202200.0
1172.0,6.0,5.2953,201700.0
1173.0,6.0,5.2953,201200.0
1174.0,1.0,10.5363,202100.0
1175.0,1.0,9.6977,203000.0
1176.0,2.0,8.7566,203800.0
1177.0,2.0,7.335,204600.0
1178.0,9.0,7.335,203600.0
1179.0,0.0,10.671,204600.0
1180.0,0.0,9.1847,205600.0
1181.0,1.0,9.2502,206500.0
1182.0,1.0,8.2256,207400.0
1183.0,1.0,7.3755,208300.0
1184.0,1.0,7.4716,209200.0
1185.0,1.0,6.143,210100.0
1186.0,2.0,5.0605,210900.0
1187.0,6.0,5.0605,210400.0
1188.0,6.0,5.0605,209900.0
1189.0,1.0,7.9983,210800.0
1190.0,1.0,6.3858,211700.0
1191.0,9.0,6.3858,210700.0
1192.0,9.0,6.3858,209700.0
1193.0,9.0,6.3858,208700.0
1194.0,9.0,10.339,207700.0
1195.0,9.0,10.339,206700.0
1196.0,9.0,10.339,205700.0
1197.0,9.0,10.339,204700.0
1198.0,9.0,10.339,203700.0
1199.0,9.0,10.339,202700.0
1200.0,0.0,10.7149,203700.0
1201.0,1.0,9.4102,204600.0
1202.0,2.0,9.0591,205400.0
1203.0,3.0,6.9224,205900.0
1204.0,3.0,5.6597,206400.0
1205.0,3.0,1.3922,206900.0
1206.0,7.0,1.3922,206400.0
1207.0,2.0,9.6646,207200.0
1208.0,3.0,8.6334,207700.0
1209.0,3.0,7.7763,208200.0
1210.0,3.0,6.3409,208700.0
1211.0,3.0,4.3413,209200.0
1212.0,7.0,4.3413,208700.0
1213.0,2.0,9.7046,209500.0
1214.0,3.0,8.9137,210000.0
1215.0,3.0,7.285,210500.0
1216.0,8.0,7.285,207500.0
1217.0,8.0,7.285,204500.0
1218.0,8.0,7.285,201500.0
1219.0,8.0,7.285,198500.0
1220.0,0.0,10.6762,199500.0
1221.0,1.0,9.7019,200400.0
1222.0,1.0,9.2294,201300.0
1223.0,1.0,8.1075,202200.0
1224.0,9.0,8.1075,201200.0
1225.0,0.0,10.7595,202200.0
1226.0,1.0,9.5415,203100.0
1227.0,2.0,8.3666,203900.0
1228.0,2.0,8.1941,204700.0
1229.0,2.0,8.3974,205500.0
1230.0,2.0,6.6691,206300.0
1231.0,3.0,6.0255,206800.0
1232.0,3.0,0.8434,207300.0
1233.0,9.0,0.8434,206300.0
1234.0,9.0,0.8434,205300.0
1235.0,9.0,0.8434,204300.0
1236.0,9.0,10.7012,203300.0
1237.0,0.0,10.4182,204300.0
1238.0,1.0,9.6496,205200.0
1239.0,1.0,8.0651,206100.0
1240.0,1.0,6.6348,207000.0
1241.0,2.0,7.8318,207800.0
1242.0,2.0,6.8193,208600.0
1243.0,3.0,2.3621,209100.0
1244.0,7.0,2.3621,208600.0
1245.0,2.0,8.418,209400.0
1246.0,2.0,8.2777,210200.0
1247.0,2.0,6.8813,211000.0
1248.0,3.0,4.565,211500.0
1249.0,7.0,4.565,211000.0
1250.0,7.0,4.565,210500.0
1251.0,2.0,9.1994,211300.0
1252.0,2.0,8.7817,212100.0
1253.0,3.0,5.9273,212600.0
1254.0,3.0,3.3758,213100.0
1255.0,7.0,3.3758,212600.0
1256.0,2.0,10.841,213400.0
1257.0,3.0,10.3571,213900.0
1258.0,8.0,10.3571,210900.0
1259.0,8.0,10.3571,207900.0
1260.0,0.0,10.8636,208900.0
1261.0,1.0,10.0619,209800.0
1262.0,1.0,9.0658,210700.0
1263.0,1.0,9.2188,211600.0
1264.0,2.0,7.1896,212400.0
1265.0,2.0,5.2768,213200.0
1266.0,6.0,5.2768,212700.0
1267.0,1.0,9.8515,213600.0
1268.0,1.0,8.8203,214500.0
1269.0,1.0,8.3325,215400.0
1270.0,2.0,7.8878,216200.0
1271.0,2.0,3.5625,217000.0
1272.0,6.0,3.5625,216500.0
1273.0,1.0,10.7455,217400.0
1274.0,2.0,9.2887,218200.0
1275.0,2.0,8.969,219000.0
1276.0,2.0,6.7679,219800.0
1277.0,2.0,6.0727,220600.0
1278.0,2.0,5.8637,221400.0
1279.0,2.0,5.8094,222200.0
1280.0,2.0,5.0742,223000.0
1281.0,6.0,5.0742,222500.0
1282.0,6.0,5.0742,222000.0
1283.0,1.0,6.4712,222900.0
1284.0,1.0,5.5542,223800.0
1285.0,1.0,6.9528,224700.0
1286.0,2.0,5.38,225500.0
1287.0,6.0,5.38,225000.0
1288.0,1.0,7.601,225900.0
1289.0,2.0,6.3302,226700.0
1290.0,3.0,1.0623,227200.0
1291.0,7.0,1.0623,226700.0
1292.0,7.0,1.0623,226200.0
1293.0,7.0,1.0623,225700.0
1294.0,7.0,1.0623,225200.0
1295.0,7.0,1.0623,224700.0
1296.0,2.0,9.4732,225500.0
1297.0,2.0,9.1594,226300.0
1298.0,3.0,7.414,226800.0
1299.0,3.0,3.4259,227300.0
1300.0,7.0,3.4259,226800.0
1301.0,7.0,3.4259,226300.0
1302.0,7.0,3.4259,225800.0
1303.0,7.0,3.4259,225300.0
1304.0,7.0,3.4259,224800.0
1305.0,2.0,10.7107,225600.0
1306.0,2.0,9.5107,226400.0
1307.0,3.0,7.8147,226900.0
1308.0,3.0,6.2322,227400.0
1309.0,3.0,2.4155,227900.0
1310.0,7.0,2.4155,227400.0
1311.0,7.0,2.4155,226900.0
1312.0,2.0,10.7721,227700.0
1313.0,3.0,9.558,228200.0
1314.0,8.0,9.558,225200.0
1315.0,8.0,9.558,222200.0
1316.0,0.0,10.5791,223200.0
1317.0,1.0,9.447,224100.0
1318.0,2.0,8.5626,224900.0
1319.0,2.0,7.9784,225700.0
1320.0,2.0,7.1009,226500.0
1321.0,2.0,6.3954,227300.0
1322.0,2.0,4.7601,228100.0
1323.0,6.0,4.7601,227600.0
1324.0,6.0,4.7601,227100.0
1325.0,1.0,8.6129,228000.0
1326.0,1.0,8.3322,228900.0
1327.0,1.0,6.943,229800.0
1328.0,2.0,6.917,230600.0
1329.0,2.0,5.255,231400.0
1330.0,6.0,5.255,230900.0
1331.0,1.0,8.5871,231800.0
1332.0,2.0,8.0684,232600.0
1333.0,2.0,5.284,233400.0
1334.0,6.0,5.284,232900.0
1335.0,6.0,5.284,232400.0
1336.0,6.0,5.284,231900.0
1337.0,1.0,10.8913,232800.0
1338.0,2.0,9.7549,233600.0
1339.0,2.0,8.951,234400.0
1340.0,2.0,8.304,235200.0
1341.0,2.0,7.1834,236000.0
1342.0,3.0,3.607,236500.0
1343.0,7.0,3.607,236000.0
1344.0,2.0,9.5216,236800.0
1345.0,2.0,8.7827,237600.0
1346.0,2.0,8.3401,238400.0
1347.0,2.0,4.3926,239200.0
1348.0,6.0,4.3926,238700.0
1349.0,1.0,10.7558,239600.0
1350.0,1.0,9.4811,240500.0
1351.0,1.0,8.9837,241400.0
1352.0,2.0,8.1904,242200.0
1353.0,2.0,7.4446,243000.0
1354.0,3.0,5.6721,243500.0
1355.0,3.0,5.6717,244000.0
1356.0,3.0,4.7876,244500.0
1357.0,7.0,4.7876,244000.0
1358.0,2.0,7.8326,244800.0
1359.0,2.0,6.7869,245600.0
1360.0,2.0,6.4963,246400.0
1361.0,2.0,6.257,247200.0
1362.0,2.0,5.3515,248000.0
1363.0,6.0,5.3515,247500.0
1364.0,6.0,5.3515,247000.0
1365.0,6.0,5.3515,246500.0
1366.0,6.0,5.3515,246000.0
1367.0,1.0,7.3657,246900.0
1368.0,1.0,6.3552,247800.0
1369.0,1.0,5.6661,248700.0
1370.0,1.0,5.374,249600.0
1371.0,5.0,5.374,249100.0
1372.0,5.0,5.374,248600.0
1373.0,5.0,5.374,248100.0
1374.0,0.0,7.8667,249100.0
1375.0,1.0,8.2219,250000.0
1376.0,1.0,7.579,250900.0
1377.0,1.0,5.2946,251800.0
1378.0,5.0,5.2946,251300.0
1379.0,0.0,9.6295,252300.0
1380.0,0.0,8.7872,253300.0
1381.0,0.0,7.7852,254300.0
1382.0,0.0,5.4857,255300.0
1383.0,4.0,5.4857,254800.0
1384.0,0.0,10.8127,255800.0
1385.0,1.0,9.7543,256700.0
1386.0,1.0,8.9132,257600.0
1387.0,1.0,8.7588,258500.0
1388.0,1.0,7.6374,259400.0
1389.0,2.0,5.9462,260200.0
1390.0,2.0,6.2524,261000.0
1391.0,2.0,5.2164,261800.0
1392.0,6.0,5.2164,261300.0
1393.0,6.0,5.2164,260800.0
1394.0,6.0,5.2164,260300.0
1395.0,1.0,8.2426,261200.0
1396.0,1.0,7.2295,262100.0
1397.0,1.0,5.8369,263000.0
1398.0,1.0,6.6182,263900.0
1399.0,1.0,5.4419,264800.0
1400.0,5.0,5.4419,264300.0
1401.0,5.0,5.4419,263800.0
1402.0,5.0,5.4419,263300.0
1403.0,0.0,7.8498,264300.0
1404.0,0.0,8.2616,265300.0
1405.0,1.0,6.0416,266200.0
1406.0,1.0,6.1121,267100.0
1407.0,1.0,5.1214,268000.0
1408.0,5.0,5.1214,267500.0
1409.0,0.0,7.7178,268500.0
1410.0,0.0,6.7863,269500.0
1411.0,0.0,7.3134,270500.0
1412.0,1.0,5.6655,271400.0
1413.0,2.0,5.6924,272200.0
1414.0,2.0,5.2552,273000.0
1415.0,6.0,5.2552,272500.0
1416.0,1.0,7.0506,273400.0
1417.0,1.0,5.2443,274300.0
1418.0,5.0,5.2443,273800.0
1419.0,0.0,9.6736,274800.0
1420.0,0.0,8.957,275800.0
1421.0,1.0,8.5664,276700.0
1422.0,2.0,6.3652,277500.0
1423.0,3.0,5.0012,278000.0
1424.0,7.0,5.0012,277500.0
1425.0,7.0,5.0012,277000.0
1426.0,2.0,9.6197,277800.0
1427.0,3.0,7.4334,278300.0
1428.0,8.0,7.4334,275300.0
1429.0,8.0,7.4334,272300.0
1430.0,8.0,7.4334,269300.0
1431.0,0.0,10.799,270300.0
1432.0,0.0,9.7757,271300.0
1433.0,0.0,9.0063,272300.0
1434.0,0.0,7.8829,273300.0
1435.0,0.0,6.9251,274300.0
1436.0,0.0,6.1092,275300.0
1437.0,0.0,6.4612,276300.0
1438.0,0.0,4.8667,277300.0
1439.0,4.0,4.8667,276800.0
1440.0,0.0,8.0629,277800.0
1441.0,0.0,6.5291,278800.0
1442.0,0.0,6.5566,279800.0
1443.0,0.0,1.4121,280800.0
1444.0,4.0,1.4121,280300.0
1445.0,0.0,8.8991,281300.0
1446.0,0.0,7.2718,282300.0
1447.0,0.0,6.8777,283300.0
1448.0,1.0,7.0833,284200.0
1449.0,1.0,1.5261,285100.0
1450.0,5.0,1.5261,284600.0
1451.0,0.0,8.8342,285600.0
1452.0,0.0,8.4853,286600.0
1453.0,0.0,8.7931,287600.0
1454.0,0.0,7.4014,288600.0
1455.0,1.0,6.2288,289500.0
1456.0,1.0,5.7522,290400.0
1457.0,1.0,5.4204,291300.0
1458.0,5.0,5.4204,290800.0
1459.0,0.0,5.7372,291800.0
1460.0,0.0,6.4656,292800.0
1461.0,0.0,5.7846,293800.0
1462.0,0.0,5.4692,294800.0
1463.0,4.0,5.4692,294300.0
1464.0,4.0,5.4692,293800.0
1465.0,4.0,5.4692,293300.0
1466.0,4.0,5.4692,292800.0
1467.0,4.0,5.4692,292300.0
1468.0,0.0,8.3841,293300.0
1469.0,1.0,6.981,294200.0
1470.0,2.0,4.7451,295000.0
1471.0,6.0,4.7451,294500.0
1472.0,6.0,4.7451,294000.0
1473.0,1.0,9.4022,294900.0
1474.0,1.0,8.7789,295800.0
1475.0,2.0,7.7266,296600.0
1476.0,3.0,2.5831,297100.0
1477.0,7.0,2.5831,296600.0
1478.0,7.0,2.5831,296100.0
1479.0,7.0,2.5831,295600.0
1480.0,7.0,2.5831,295100.0
1481.0,2.0,10.7344,295900.0
1482.0,2.0,10.1799,296700.0
1483.0,3.0,8.7921,297200.0
1484.0,8.0,8.7921,294200.0
1485.0,8.0,8.7921,291200.0
1486.0,0.0,10.8496,292200.0
1487.0,0.0,9.7192,293200.0
1488.0,0.0,8.9589,294200.0
1489.0,1.0,7.5263,295100.0
1490.0,2.0,6.1263,295900.0
1491.0,3.0,1.4524,296400.0
1492.0,7.0,1.4524,295900.0
1493.0,2.0,9.6645,296700.0
1494.0,2.0,9.333,297500.0
1495.0,2.0,7.3581,298300.0
1496.0,3.0,0.9428,298800.0
1497.0,7.0,0.9428,298300.0
1498.0,2.0,10.6215,299100.0
1499.0,2.0,9.4183,299900.0
1500.0,2.0,8.7338,300700.0
1501.0,3.0,7.3895,301200.0
1502.0,3.0,7.8633,301700.0
1503.0,3.0,6.7803,302200.0
1504.0,3.0,1.259,302700.0
1505.0,7.0,1.259,302200.0
1506.0,7.0,1.259,301700.0
1507.0,2.0,8.9466,302500.0
1508.0,2.0,8.0367,303300.0
1509.0,2.0,6.8127,304100.0
1510.0,2.0,6.4066,304900.0
1511.0,2.0,5.9573,305700.0
1512.0,2.0,4.7245,306500.0
1513.0,6.0,4.7245,306000.0
1514.0,1.0,9.1135,306900.0
1515.0,2.0,7.1401,307700.0
1516.0,2.0,5.6921,308500.0
1517.0,2.0,6.0422,309300.0
1518.0,2.0,5.1084,310100.0
1519.0,6.0,5.1084,309600.0
1520.0,6.0,5.1084,309100.0
1521.0,6.0,5.1084,308600.0
1522.0,6.0,5.1084,308100.0
1523.0,6.0,5.1084,307600.0
1524.0,1.0,7.9313,308500.0
1525.0,1.0,6.8065,309400.0
1526.0,2.0,5.7317,310200.0
1527.0,2.0,5.4221,311000.0
1528.0,6.0,5.4221,310500.0
1529.0,6.0,5.4221,310000.0
1530.0,6.0,5.4221,309500.0
1531.0,1.0,8.9246,310400.0
1532.0,1.0,7.6623,311300.0
1533.0,2.0,8.1902,312100.0
1534.0,2.0,6.6045,312900.0
1535.0,3.0,1.4398,313400.0
1536.0,7.0,1.4398,312900.0
1537.0,7.0,1.4398,312400.0
1538.0,2.0,8.9399,313200.0
1539.0,3.0,6.1628,313700.0
1540.0,8.0,6.1628,310700.0
1541.0,0.0,10.6947,311700.0
1542.0,1.0,9.4017,312600.0
1543.0,1.0,9.0471,313500.0
1544.0,2.0,7.6224,314300.0
1545.0,3.0,6.4925,314800.0
1546.0,3.0,1.1892,315300.0
1547.0,7.0,1.1892,314800.0
1548.0,2.0,9.5141,315600.0
1549.0,2.0,8.3744,316400.0
1550.0,2.0,6.8092,317200.0
1551.0,2.0,6.6253,318000.0
1552.0,2.0,6.7856,318800.0
1553.0,2.0,5.8052,319600.0
1554.0,3.0,5.2397,320100.0
1555.0,7.0,5.2397,319600.0
1556.0,2.0,7.7169,320400.0
1557.0,3.0,6.3381,320900.0
1558.0,3.0,5.2533,321400.0
1559.0,7.0,5.2533,320900.0
1560.0,7.0,5.2533,320400.0
1561.0,7.0,5.2533,319900.0
1562.0,7.0,5.2533,319400.0
1563.0,7.0,5.2533,318900.0
1564.0,7.0,5.2533,318400.0
1565.0,7.0,5.2533,317900.0
1566.0,7.0,5.2533,317400.0
1567.0,7.0,5.2533,316900.0
1568.0,2.0,9.6298,317700.0
1569.0,2.0,8.5089,318500.0
1570.0,2.0,8.2578,319300.0
1571.0,2.0,4.1921,320100.0
1572.0,6.0,4.1921,319600.0
1573.0,6.0,4.1921,319100.0
1574.0,6.0,4.1921,318600.0
1575.0,6.0,4.1921,318100.0
1576.0,1.0,10.7036,319000.0
1577.0,1.0,9.0612,319900.0
1578.0,2.0,8.8225,320700.0
1579.0,2.0,7.937,321500.0
1580.0,3.0,7.2025,322000.0
1581.0,8.0,7.2025,319000.0
1582.0,0.0,10.7822,320000.0
1583.0,0.0,12.3557,321000.0
1584.0,0.0,8.3607,322000.0
1585.0,1.0,6.983,322900.0
1586.0,2.0,7.9497,323700.0
1587.0,2.0,5.5334,324500.0
1588.0,2.0,5.0789,325300.0
1589.0,6.0,5.0789,324800.0
1590.0,1.0,8.988,325700.0
1591.0,2.0,8.1213,326500.0
1592.0,2.0,6.706,327300.0
1593.0,3.0,6.1264,327800.0
1594.0,3.0,1.6077,328300.0
1595.0,7.0,1.6077,327800.0
1596.0,2.0,8.5735,328600.0
1597.0,3.0,5.625,329100.0
1598.0,3.0,6.3649,329600.0
1599.0,3.0,2.3771,330100.0
1600.0,7.0,2.3771,329600.0
1601.0,2.0,9.7719,330400.0
1602.0,3.0,8.5214,330900.0
1603.0,8.0,8.5214,327900.0
1604.0,0.0,10.9764,328900.0
1605.0,0.0,9.8029,329900.0
1606.0,0.0,9.4991,330900.0
1607.0,0.0,9.2891,331900.0
1608.0,1.0,6.8873,332800.0
1609.0,2.0,6.9733,333600.0
1610.0,3.0,5.397,334100.0
1611.0,7.0,5.397,333600.0
1612.0,2.0,8.4293,334400.0
1613.0,2.0,7.3115,335200.0
1614.0,3.0,7.4688,335700.0
1615.0,8.0,7.4688,332700.0
1616.0,8.0,7.4688,329700.0
1617.0,8.0,7.4688,326700.0
1618.0,8.0,7.4688,323700.0
1619.0,8.0,7.4688,320700.0
1620.0,8.0,7.4688,317700.0
1621.0,0.0,10.4843,318700.0
1622.0,1.0,9.5635,319600.0
1623.0,2.0,8.9751,320400.0
1624.0,2.0,8.2197,321200.0
1625.0,3.0,7.1379,321700.0
1626.0,3.0,5.5441,322200.0
1627.0,8.0,5.5441,319200.0
1628.0,0.0,10.3709,320200.0
1629.0,1.0,9.4341,321100.0
1630.0,2.0,8.7293,321900.0
1631.0,2.0,6.2762,322700.0
1632.0,2.0,7.1981,323500.0
1633.0,2.0,5.9173,324300.0
1634.0,3.0,5.239,324800.0
1635.0,7.0,5.239,324300.0
1636.0,2.0,8.3758,325100.0
1637.0,3.0,8.1029,325600.0
1638.0,3.0,6.8317,326100.0
1639.0,8.0,6.8317,323100.0
1640.0,8.0,6.8317,320100.0
1641.0,8.0,6.8317,317100.0
1642.0,8.0,6.8317,314100.0
1643.0,0.0,10.7546,315100.0
1644.0,1.0,9.6766,316000.0
1645.0,1.0,9.1856,316900.0
1646.0,2.0,7.364,317700.0
1647.0,2.0,7.1121,318500.0
1648.0,3.0,5.121,319000.0
1649.0,7.0,5.121,318500.0
1650.0,2.0,9.8488,319300.0
1651.0,2.0,8.6342,320100.0
1652.0,3.0,3.9875,320600.0
1653.0,7.0,3.9875,320100.0
1654.0,7.0,3.9875,319600.0
1655.0,7.0,3.9875,319100.0
1656.0,7.0,3.9875,318600.0
1657.0,7.0,3.9875,318100.0
1658.0,7.0,3.9875,317600.0
1659.0,7.0,3.9875,317100.0
1660.0,2.0,10.5632,317900.0
1661.0,2.0,11.7305,318700.0
1662.0,2.0,8.4034,319500.0
1663.0,2.0,7.774,320300.0
1664.0,2.0,5.9359,321100.0
1665.0,2.0,7.0155,321900.0
1666.0,3.0,1.9203,322400.0
1667.0,7.0,1.9203,321900.0
1668.0,2.0,8.8412,322700.0
1669.0,2.0,8.1495,323500.0
1670.0,3.0,7.6398,324000.0
1671.0,3.0,6.1554,324500.0
1672.0,8.0,6.1554,321500.0
1673.0,8.0,6.1554,318500.0
1674.0,8.0,6.1554,315500.0
1675.0,8.0,6.1554,312500.0
1676.0,8.0,6.1554,309500.0
1677.0,8.0,6.1554,306500.0
1678.0,0.0,10.7538,307500.0
1679.0,1.0,9.8594,308400.0
1680.0,1.0,8.5645,309300.0
1681.0,1.0,7.8281,310200.0
1682.0,1.0,8.0553,311100.0
1683.0,1.0,6.8224,312000.0
1684.0,1.0,6.474,312900.0
1685.0,2.0,6.3406,313700.0
1686.0,2.0,4.6257,314500.0
1687.0,6.0,4.6257,314000.0
1688.0,1.0,7.0494,314900.0
1689.0,1.0,5.7128,315800.0
1690.0,2.0,5.448,316600.0
1691.0,6.0,5.448,316100.0
1692.0,1.0,9.1758,317000.0
1693.0,1.0,7.6027,317900.0
1694.0,1.0,6.7938,318800.0
1695.0,2.0,5.7695,319600.0
1696.0,3.0,1.0132,320100.0
1697.0,7.0,1.0132,319600.0
1698.0,2.0,8.3064,320400.0
1699.0,3.0,7.9136,320900.0
1700.0,3.0,1.9189,321400.0
1701.0,7.0,1.9189,320900.0
1702.0,2.0,10.7174,321700.0
1703.0,3.0,10.2424,322200.0
1704.0,8.0,10.2424,319200.0
1705.0,8.0,10.2424,316200.0
1706.0,8.0,10.2424,313200.0
1707.0,8.0,10.2424,310200.0
1708.0,8.0,10.2424,307200.0
1709.0,8.0,10.2424,304200.0
1710.0,8.0,10.2424,301200.0
1711.0,8.0,10.2424,298200.0
1712.0,8.0,10.2424,295200.0
1713.0,8.0,10.2424,292200.0
1714.0,8.0,10.2424,289200.0
1715.0,8.0,10.2424,286200.0
1716.0,8.0,10.2424,283200.0
1717.0,8.0,10.2424,280200.0
1718.0,8.0,10.2424,277200.0
1719.0,8.0,10.2424,274200.0
1720.0,8.0,10.2424,271200.0
1721.0,8.0,10.2424,268200.0
1722.0,8.0,10.2424,265200.0
1723.0,8.0,10.2424,262200.0
1724.0,8.0,10.2424,259200.0
1725.0,0.0,10.6641,260200.0
1726.0,0.0,9.6852,261200.0
1727.0,0.0,8.7302,262200.0
1728.0,0.0,7.545,263200.0
1729.0,0.0,6.4977,264200.0
1730.0,0.0,5.9276,265200.0
1731.0,0.0,7.1819,266200.0
1732.0,0.0,5.8462,267200.0
1733.0,0.0,0.7601,268200.0
1734.0,4.0,0.7601,267700.0
1735.0,0.0,7.5638,268700.0
1736.0,0.0,7.4005,269700.0
1737.0,0.0,5.5722,270700.0
1738.0,1.0,5.4941,271600.0
1739.0,5.0,5.4941,271100.0
1740.0,0.0,8.6591,272100.0
1741.0,1.0,6.1514,273000.0
1742.0,1.0,6.9002,273900.0
1743.0,1.0,6.4137,274800.0
1744.0,1.0,5.8838,275700.0
1745.0,1.0,5.2536,276600.0
1746.0,5.0,5.2536,276100.0
1747.0,0.0,5.9605,277100.0
1748.0,0.0,6.6506,278100.0
1749.0,1.0,4.763,279000.0
1750.0,5.0,4.763,278500.0
1751.0,5.0,4.763,278000.0
1752.0,5.0,4.763,277500.0
1753.0,5.0,4.763,277000.0
1754.0,0.0,9.0305,278000.0
1755.0,0.0,7.8232,279000.0
1756.0,0.0,7.6313,280000.0
1757.0,1.0,5.9541,280900.0
1758.0,2.0,5.9852,281700.0
1759.0,2.0,5.7531,282500.0
1760.0,2.0,5.2041,283300.0
1761.0,6.0,5.2041,282800.0
1762.0,1.0,7.1612,283700.0
1763.0,1.0,8.1745,284600.0
1764.0,2.0,5.1519,285400.0
1765.0,6.0,5.1519,284900.0
1766.0,6.0,5.1519,284400.0
1767.0,6.0,5.1519,283900.0
1768.0,1.0,8.9022,284800.0
1769.0,2.0,7.3175,285600.0
1770.0,2.0,7.6842,286400.0
1771.0,3.0,5.0009,286900.0
1772.0,7.0,5.0009,286400.0
1773.0,7.0,5.0009,285900.0
1774.0,7.0,5.0009,285400.0
1775.0,2.0,9.1647,286200.0
1776.0,3.0,8.6515,286700.0
1777.0,3.0,7.1407,287200.0
1778.0,3.0,0.9742,287700.0
1779.0,7.0,0.9742,287200.0
1780.0,7.0,0.9742,286700.0
1781.0,7.0,0.9742,286200.0
1782.0,2.0,10.6963,287000.0
1783.0,2.0,9.5568,287800.0
1784.0,2.0,8.8116,288600.0
1785.0,3.0,6.9223,289100.0
1786.0,3.0,7.0572,289600.0
1787.0,8.0,7.0572,286600.0
1788.0,8.0,7.0572,283600.0
1789.0,8.0,7.0572,280600.0
1790.0,8.0,7.0572,277600.0
1791.0,0.0,10.7444,278600.0
1792.0,1.0,9.6299,279500.0
1793.0,1.0,8.9181,280400.0
1794.0,1.0,8.1405,281300.0
1795.0,2.0,6.8507,282100.0
1796.0,3.0,6.3913,282600.0
1797.0,8.0,6.3913,279600.0
1798.0,8.0,6.3913,276600.0
1799.0,8.0,6.3913,273600.0
1800.0,8.0,6.3913,270600.0
1801.0,8.0,6.3913,267600.0
1802.0,8.0,6.3913,264600.0
1803.0,8.0,6.3913,261600.0
1804.0,8.0,6.3913,258600.0
1805.0,0.0,10.7645,259600.0
1806.0,0.0,9.8787,260600.0
1807.0,1.0,9.0418,261500.0
1808.0,1.0,8.1472,262400.0
1809.0,2.0,7.4732,263200.0
1810.0,3.0,6.4627,263700.0
1811.0,3.0,6.1201,264200.0
1812.0,8.0,6.1201,261200.0
1813.0,8.0,6.1201,258200.0
1814.0,8.0,6.1201,255200.0
1815.0,8.0,6.1201,252200.0
1816.0,8.0,6.1201,249200.0
1817.0,0.0,10.6946,250200.0
1818.0,0.0,9.5169,251200.0
1819.0,0.0,8.5181,252200.0
1820.0,0.0,8.9503,253200.0
1821.0,0.0,6.5058,254200.0
1822.0,0.0,6.1873,255200.0
1823.0,0.0,6.5886,256200.0
1824.0,1.0,5.2292,257100.0
1825.0,5.0,5.2292,256600.0
1826.0,0.0,6.0725,257600.0
1827.0,0.0,6.4088,258600.0
1828.0,0.0,6.965,259600.0
1829.0,0.0,5.3941,260600.0
1830.0,4.0,5.3941,260100.0
1831.0,4.0,5.3941,259600.0
1832.0,4.0,5.3941,259100.0
1833.0,4.0,5.3941,258600.0
1834.0,0.0,8.8893,259600.0
1835.0,1.0,9.2287,260500.0
1836.0,1.0,8.1549,261400.0
1837.0,2.0,6.2496,262200.0
1838.0,2.0,5.6539,263000.0
1839.0,2.0,5.6784,263800.0
1840.0,2.0,5.015,264600.0
1841.0,6.0,5.015,264100.0
1842.0,1.0,7.1098,265000.0
1843.0,1.0,5.3085,265900.0
1844.0,5.0,5.3085,265400.0
1845.0,0.0,9.5215,266400.0
1846.0,0.0,8.8275,267400.0
1847.0,0.0,7.3819,268400.0
1848.0,0.0,6.5534,269400.0
1849.0,0.0,6.4517,270400.0
1850.0,0.0,6.4884,271400.0
1851.0,0.0,5.6303,272400.0
1852.0,0.0,5.673,273400.0
1853.0,0.0,5.7317,274400.0
1854.0,1.0,4.548,275300.0
1855.0,5.0,4.548,274800.0
1856.0,5.0,4.548,274300.0
1857.0,0.0,6.3893,275300.0
1858.0,0.0,5.666,276300.0
1859.0,0.0,5.016,277300.0
1860.0,4.0,5.016,276800.0
1861.0,4.0,5.016,276300.0
1862.0,0.0,7.6061,277300.0
1863.0,0.0,6.2484,278300.0
1864.0,1.0,6.9558,279200.0
1865.0,1.0,5.664,280100.0
1866.0,2.0,4.9579,280900.0
1867.0,6.0,4.9579,280400.0
1868.0,6.0,4.9579,279900.0
1869.0,6.0,4.9579,279400.0
1870.0,6.0,4.9579,278900.0
1871.0,6.0,4.9579,278400.0
1872.0,1.0,8.1238,279300.0
1873.0,1.0,5.8126,280200.0
1874.0,1.0,6.5025,281100.0
1875.0,1.0,6.3222,282000.0
1876.0,2.0,0.9015,282800.0
1877.0,6.0,0.9015,282300.0
1878.0,6.0,0.9015,281800.0
1879.0,1.0,6.3467,282700.0
1880.0,2.0,6.894,283500.0
1881.0,2.0,6.5493,284300.0
1882.0,3.0,4.5683,284800.0
1883.0,7.0,4.5683,284300.0
1884.0,2.0,5.5708,285100.0
1885.0,3.0,7.6962,285600.0
1886.0,3.0,4.1546,286100.0
1887.0,7.0,4.1546,285600.0
1888.0,7.0,4.1546,285100.0
1889.0,2.0,9.7662,285900.0
1890.0,2.0,7.9962,286700.0
1891.0,2.0,7.7764,287500.0
1892.0,2.0,7.1597,288300.0
1893.0,3.0,5.6214,288800.0
1894.0,3.0,5.3378,289300.0
1895.0,7.0,5.3378,288800.0
1896.0,2.0,9.336,289600.0
1897.0,3.0,8.0021,290100.0
1898.0,3.0,7.3042,290600.0
1899.0,3.0,2.9774,291100.0
1900.0,7.0,2.9774,290600.0
1901.0,2.0,9.5072,291400.0
1902.0,3.0,9.0985,291900.0
1903.0,3.0,7.6584,292400.0
1904.0,3.0,6.3492,292900.0
1905.0,8.0,6.3492,289900.0
1906.0,8.0,6.3492,286900.0
1907.0,8.0,6.3492,283900.0
1908.0,8.0,6.3492,280900.0
1909.0,8.0,6.3492,277900.0
1910.0,8.0,6.3492,274900.0
1911.0,0.0,11.0525,275900.0
1912.0,1.0,9.7318,276800.0
1913.0,1.0,8.7609,277700.0
1914.0,1.0,7.6171,278600.0
1915.0,1.0,6.8024,279500.0
1916.0,1.0,5.8829,280400.0
1917.0,2.0,5.9992,281200.0
1918.0,2.0,5.3842,282000.0
1919.0,6.0,5.3842,281500.0
1920.0,1.0,7.8503,282400.0
1921.0,1.0,7.3495,283300.0
1922.0,1.0,5.5121,284200.0
1923.0,1.0,6.1862,285100.0
1924.0,1.0,6.6235,286000.0
1925.0,1.0,5.6165,286900.0
1926.0,1.0,3.3229,287800.0
1927.0,5.0,3.3229,287300.0
1928.0,0.0,6.0355,288300.0
1929.0,0.0,5.1834,289300.0
1930.0,4.0,5.1834,288800.0
1931.0,0.0,8.9409,289800.0
1932.0,0.0,8.8009,290800.0
1933.0,9.0,8.8009,289800.0
1934.0,9.0,8.8009,288800.0
1935.0,0.0,10.9447,289800.0
1936.0,1.0,10.4541,290700.0
1937.0,9.0,10.4541,289700.0
1938.0,9.0,10.4541,288700.0
1939.0,9.0,10.4541,287700.0
1940.0,9.0,10.4541,286700.0
1941.0,9.0,10.4541,285700.0
1942.0,9.0,10.4541,284700.0
1943.0,9.0,10.4541,283700.0
1944.0,0.0,10.6193,284700.0
1945.0,0.0,9.3626,285700.0
1946.0,1.0,8.6398,286600.0
1947.0,2.0,7.277,287400.0
1948.0,3.0,4.7611,287900.0
1949.0,7.0,4.7611,287400.0
1950.0,7.0,4.7611,286900.0
1951.0,7.0,4.7611,286400.0
1952.0,7.0,4.7611,285900.0
1953.0,7.0,4.7611,285400.0
1954.0,7.0,4.7611,284900.0
1955.0,2.0,12.2504,285700.0
1956.0,2.0,9.7783,286500.0
1957.0,2.0,8.6819,287300.0
1958.0,3.0,8.3767,287800.0
1959.0,8.0,8.3767,284800.0
1960.0,0.0,10.7081,285800.0
1961.0,0.0,9.6339,286800.0
1962.0,1.0,8.5184,287700.0
1963.0,1.0,5.4475,288600.0
1964.0,5.0,5.4475,288100.0
1965.0,0.0,10.757,289100.0
1966.0,0.0,10.5538,290100.0
1967.0,0.0,8.6556,291100.0
1968.0,0.0,8.1291,292100.0
1969.0,9.0,8.1291,291100.0
1970.0,9.0,8.1291,290100.0
1971.0,9.0,8.1291,289100.0
1972.0,9.0,8.1291,288100.0
1973.0,9.0,8.1291,287100.0
1974.0,9.0,8.1291,286100.0
1975.0,0.0,10.7406,287100.0
1976.0,0.0,9.5089,288100.0
1977.0,0.0,8.4097,289100.0
1978.0,0.0,7.5267,290100.0
1979.0,0.0,6.7497,291100.0
1980.0,0.0,6.9913,292100.0
1981.0,1.0,4.9217,293000.0
1982.0,5.0,4.9217,292500.0
1983.0,5.0,4.9217,292000.0
1984.0,5.0,4.9217,291500.0
1985.0,0.0,8.7926,292500.0
1986.0,0.0,7.6158,293500.0
1987.0,0.0,6.8224,294500.0
1988.0,1.0,6.2115,295400.0
1989.0,1.0,6.0793,296300.0
1990.0,1.0,5.5739,297200.0
1991.0,1.0,5.1411,298100.0
1992.0,5.0,5.1411,297600.0
1993.0,5.0,5.1411,297100.0
1994.0,0.0,7.0848,298100.0
1995.0,0.0,6.2538,299100.0
1996.0,0.0,4.6857,300100.0
1997.0,4.0,4.6857,299600.0
1998.0,4.0,4.6857,299100.0
1999.0,4.0,4.6857,298600.0
2000.0,0.0,8.9385,299600.0
2001.0,1.0,7.7071,300500.0
2002.0,2.0,6.5308,301300.0
2003.0,2.0,5.5037,302100.0
2004.0,2.0,6.1936,302900.0
2005.0,3.0,4.6541,303400.0
2006.0,7.0,4.6541,302900.0
2007.0,7.0,4.6541,302400.0
2008.0,7.0,4.6541,301900.0
2009.0,2.0,8.582,302700.0
2010.0,2.0,6.5833,303500.0
2011.0,2.0,7.554,304300.0
2012.0,2.0,5.026,305100.0
2013.0,6.0,5.026,304600.0
2014.0,6.0,5.026,304100.0
2015.0,1.0,10.3427,305000.0
2016.0,2.0,8.055,305800.0
2017.0,2.0,7.1566,306600.0
2018.0,2.0,6.1587,307400.0
2019.0,2.0,6.3171,308200.0
2020.0,3.0,4.5527,308700.0
2021.0,7.0,4.5527,308200.0
2022.0,7.0,4.5527,307700.0
2023.0,2.0,7.8462,308500.0
2024.0,2.0,6.5185,309300.0
2025.0,2.0,5.2986,310100.0
2026.0,6.0,5.2986,309600.0
2027.0,6.0,5.2986,309100.0
2028.0,6.0,5.2986,308600.0
2029.0,1.0,9.6186,309500.0
2030.0,1.0,8.8313,310400.0
2031.0,1.0,7.4453,311300.0
2032.0,1.0,7.8737,312200.0
2033.0,1.0,7.3616,313100.0
2034.0,1.0,3.697,314000.0
2035.0,5.0,3.697,313500.0
2036.0,5.0,3.697,313000.0
2037.0,5.0,3.697,312500.0
2038.0,0.0,8.7837,313500.0
2039.0,0.0,6.336,314500.0
2040.0,0.0,8.0414,315500.0
2041.0,0.0,8.1047,316500.0
2042.0,0.0,5.6188,317500.0
2043.0,1.0,5.4124,318400.0
2044.0,5.0,5.4124,317900.0
2045.0,5.0,5.4124,317400.0
2046.0,5.0,5.4124,316900.0
2047.0,5.0,5.4124,316400.0
2048.0,0.0,8.2191,317400.0
2049.0,0.0,7.3659,318400.0
2050.0,0.0,5.7656,319400.0
2051.0,0.0,5.9176,320400.0
2052.0,0.0,5.5403,321400.0
2053.0,0.0,5.4623,322400.0
2054.0,4.0,5.4623,321900.0
2055.0,4.0,5.4623,321400.0
2056.0,0.0,6.2392,322400.0
2057.0,0.0,6.7431,323400.0
2058.0,1.0,5.5795,324300.0
2059.0,1.0,5.4697,325200.0
2060.0,5.0,5.4697,324700.0
2061.0,0.0,8.0671,325700.0
2062.0,1.0,6.3535,326600.0
2063.0,1.0,5.3383,327500.0
2064.0,5.0,5.3383,327000.0
2065.0,5.0,5.3383,326500.0
2066.0,0.0,9.8337,327500.0
2067.0,0.0,8.8464,328500.0
2068.0,1.0,8.8553,329400.0
2069.0,1.0,7.8101,330300.0
2070.0,1.0,6.5409,331200.0
2071.0,1.0,5.8762,332100.0
2072.0,2.0,4.9118,332900.0
2073.0,6.0,4.9118,332400.0
2074.0,6.0,4.9118,331900.0
2075.0,6.0,4.9118,331400.0
2076.0,6.0,4.9118,330900.0
2077.0,1.0,7.9517,331800.0
2078.0,2.0,7.5333,332600.0
2079.0,3.0,5.0348,333100.0
2080.0,7.0,5.0348,332600.0
2081.0,2.0,9.6218,333400.0
2082.0,2.0,9.2136,334200.0
2083.0,2.0,7.4243,335000.0
2084.0,2.0,7.5787,335800.0
2085.0,3.0,7.0248,336300.0
2086.0,3.0,2.1598,336800.0
2087.0,7.0,2.1598,336300.0
2088.0,2.0,8.6623,337100.0
2089.0,3.0,6.2224,337600.0
2090.0,3.0,1.7861,338100.0
2091.0,7.0,1.7861,337600.0
2092.0,7.0,1.7861,337100.0
2093.0,2.0,10.5533,337900.0
2094.0,2.0,9.4144,338700.0
2095.0,2.0,8.9651,339500.0
2096.0,2.0,7.2666,340300.0
2097.0,3.0,6.1188,340800.0
2098.0,8.0,6.1188,337800.0
2099.0,0.0,10.8396,338800.0
2100.0,0.0,9.5081,339800.0
2101.0,0.0,8.8812,340800.0
2102.0,0.0,9.0393,341800.0
2103.0,0.0,6.7026,342800.0
2104.0,0.0,6.2939,343800.0
2105.0,0.0,7.0705,344800.0
2106.0,0.0,3.974,345800.0
2107.0,4.0,3.974,345300.0
2108.0,0.0,7.6509,346300.0
2109.0,1.0,8.0622,347200.0
2110.0,1.0,6.5498,348100.0
2111.0,1.0,5.1269,349000.0
2112.0,5.0,5.1269,348500.0
2113.0,0.0,8.9212,349500.0
2114.0,0.0,8.1235,350500.0
2115.0,0.0,5.8814,351500.0
2116.0,0.0,5.8728,352500.0
2117.0,1.0,6.4132,353400.0
2118.0,1.0,5.5894,354300.0
2119.0,1.0,0.7906,355200.0
2120.0,5.0,0.7906,354700.0
2121.0,0.0,6.8766,355700.0
2122.0,0.0,5.7922,356700.0
2123.0,1.0,7.5732,357600.0
2124.0,2.0,5.2735,358400.0
2125.0,6.0,5.2735,357900.0
2126.0,6.0,5.2735,357400.0
2127.0,1.0,8.7884,358300.0
2128.0,2.0,7.2807,359100.0
2129.0,3.0,2.2426,359600.0
2130.0,7.0,2.2426,359100.0
2131.0,7.0,2.2426,358600.0
2132.0,2.0,9.7458,359400.0
2133.0,2.0,9.1196,360200.0
2134.0,3.0,5.553,360700.0
2135.0,3.0,2.0132,361200.0
2136.0,7.0,2.0132,360700.0
2137.0,7.0,2.0132,360200.0
2138.0,7.0,2.0132,359700.0
2139.0,7.0,2.0132,359200.0
2140.0,2.0,10.7019,360000.0
2141.0,3.0,9.6117,360500.0
2142.0,3.0,8.7288,361000.0
2143.0,3.0,7.9526,361500.0
2144.0,3.0,1.9992,362000.0
2145.0,7.0,1.9992,361500.0
2146.0,7.0,1.9992,361000.0
2147.0,2.0,10.6704,361800.0
2148.0,2.0,9.5826,362600.0
2149.0,3.0,8.6389,363100.0
2150.0,3.0,7.6665,363600.0
2151.0,3.0,5.1545,364100.0
2152.0,7.0,5.1545,363600.0
2153.0,2.0,10.6311,364400.0
2154.0,9.0,10.6311,363400.0
2155.0,9.0,10.6311,362400.0
2156.0,9.0,10.6311,361400.0
2157.0,9.0,10.6311,360400.0
2158.0,9.0,10.6311,359400.0
2159.0,9.0,10.6311,358400.0
2160.0,9.0,10.6311,357400.0
2161.0,9.0,10.6311,356400.0
2162.0,9.0,10.6311,355400.0
2163.0,9.0,10.6311,354400.0
2164.0,9.0,10.6311,353400.0
2165.0,9.0,10.6311,352400.0
2166.0,9.0,10.6311,351400.0
2167.0,9.0,10.6311,350400.0
2168.0,9.0,10.6311,349400.0
2169.0,9.0,10.6311,348400.0
2170.0,9.0,10.6311,347400.0
2171.0,9.0,10.6311,346400.0
2172.0,0.0,10.7073,347400.0
2173.0,0.0,9.7189,348400.0
2174.0,0.0,8.6568,349400.0
2175.0,1.0,8.2117,350300.0
2176.0,1.0,7.1556,351200.0
2177.0,1.0,7.4579,352100.0
2178.0,1.0,6.4299,353000.0
2179.0,1.0,5.165,353900.0
2180.0,5.0,5.165,353400.0
2181.0,5.0,5.165,352900.0
2182.0,0.0,8.0681,353900.0
2183.0,0.0,7.9684,354900.0
2184.0,0.0,1.2065,355900.0
2185.0,4.0,1.2065,355400.0
2186.0,0.0,9.5297,356400.0
2187.0,0.0,8.7405,357400.0
2188.0,1.0,7.9127,358300.0
2189.0,1.0,7.6072,359200.0
2190.0,2.0,7.0121,360000.0
2191.0,2.0,4.828,360800.0
2192.0,6.0,4.828,360300.0
2193.0,1.0,8.2967,361200.0
2194.0,1.0,7.1347,362100.0
2195.0,1.0,6.3605,363000.0
2196.0,1.0,6.3601,363900.0
2197.0,1.0,5.3174,364800.0
2198.0,5.0,5.3174,364300.0
2199.0,5.0,5.3174,363800.0
2200.0,0.0,8.9145,364800.0
2201.0,0.0,7.0996,365800.0
2202.0,0.0,6.4754,366800.0
2203.0,0.0,6.9437,367800.0
2204.0,0.0,5.6525,368800.0
2205.0,0.0,4.8084,369800.0
2206.0,4.0,4.8084,369300.0
2207.0,4.0,4.8084,368800.0
2208.0,4.0,4.8084,368300.0
2209.0,0.0,8.8823,369300.0
2210.0,0.0,6.3524,370300.0
2211.0,0.0,6.5267,371300.0
2212.0,1.0,5.4223,372200.0
2213.0,5.0,5.4223,371700.0
2214.0,0.0,8.8393,372700.0
2215.0,0.0,7.6177,373700.0
2216.0,0.0,7.3201,374700.0
2217.0,1.0,6.7202,375600.0
2218.0,1.0,5.3119,376500.0
2219.0,5.0,5.3119,376000.0
2220.0,5.0,5.3119,375500.0
2221.0,0.0,8.7056,376500.0
2222.0,0.0,6.2354,377500.0
2223.0,0.0,6.8509,378500.0
2224.0,0.0,6.6806,379500.0
2225.0,0.0,6.2179,380500.0
2226.0,1.0,5.238,381400.0
2227.0,5.0,5.238,380900.0
2228.0,0.0,8.4337,381900.0
2229.0,0.0,6.803,382900.0
2230.0,0.0,6.2429,383900.0
2231.0,0.0,5.9168,384900.0
2232.0,0.0,1.4441,385900.0
2233.0,4.0,1.4441,385400.0
2234.0,0.0,7.7374,386400.0
2235.0,0.0,6.661,387400.0
2236.0,0.0,6.1813,388400.0
2237.0,1.0,5.5114,389300.0
2238.0,1.0,4.8119,390200.0
2239.0,5.0,4.8119,389700.0
2240.0,5.0,4.8119,389200.0
2241.0,0.0,8.3559,390200.0
2242.0,0.0,6.5585,391200.0
2243.0,9.0,6.5585,390200.0
2244.0,9.0,6.5585,389200.0
2245.0,9.0,6.5585,388200.0
2246.0,9.0,6.5585,387200.0
2247.0,9.0,6.5585,386200.0
2248.0,9.0,6.5585,385200.0
2249.0,9.0,6.5585,384200.0
2250.0,9.0,6.5585,383200.0
2251.0,9.0,6.5585,382200.0
2252.0,9.0,6.5585,381200.0
2253.0,9.0,6.5585,380200.0
2254.0,9.0,6.5585,379200.0
2255.0,9.0,6.5585,378200.0
2256.0,9.0,6.5585,377200.0
2257.0,9.0,6.5585,376200.0
2258.0,0.0,10.8361,377200.0
2259.0,1.0,9.6276,378100.0
2260.0,1.0,9.114,379000.0
2261.0,1.0,8.1054,379900.0
2262.0,2.0,6.88,380700.0
2263.0,2.0,3.379,381500.0
2264.0,6.0,3.379,381000.0
2265.0,6.0,3.379,380500.0
2266.0,6.0,3.379,380000.0
2267.0,6.0,3.379,379500.0
2268.0,6.0,3.379,379000.0
2269.0,6.0,3.379,378500.0
2270.0,1.0,9.5609,379400.0
2271.0,1.0,8.2081,380300.0
2272.0,2.0,8.7086,381100.0
2273.0,3.0,5.1839,381600.0
2274.0,7.0,5.1839,381100.0
2275.0,7.0,5.1839,380600.0
2276.0,7.0,5.1839,380100.0
2277.0,2.0,10.6679,380900.0
2278.0,3.0,9.8861,381400.0
2279.0,3.0,7.4813,381900.0
2280.0,3.0,6.7708,382400.0
2281.0,8.0,6.7708,379400.0
2282.0,8.0,6.7708,376400.0
2283.0,8.0,6.7708,373400.0
2284.0,8.0,6.7708,370400.0
2285.0,8.0,6.7708,367400.0
2286.0,8.0,6.7708,364400.0
2287.0,8.0,6.7708,361400.0
2288.0,8.0,6.7708,358400.0
2289.0,0.0,11.5969,359400.0
2290.0,0.0,9.6826,360400.0
2291.0,0.0,9.0598,361400.0
2292.0,0.0,8.4168,362400.0
2293.0,1.0,7.031,363300.0
2294.0,2.0,6.0968,364100.0
2295.0,2.0,5.0977,364900.0
2296.0,6.0,5.0977,364400.0
2297.0,1.0,8.7532,365300.0
2298.0,2.0,7.4647,366100.0
2299.0,2.0,3.1518,366900.0
2300.0,6.0,3.1518,366400.0
2301.0,6.0,3.1518,365900.0
2302.0,1.0,10.8042,366800.0
2303.0,1.0,9.7983,367700.0
2304.0,1.0,8.9026,368600.0
2305.0,1.0,7.7987,369500.0
2306.0,1.0,7.0009,370400.0
2307.0,1.0,5.2589,371300.0
2308.0,5.0,5.2589,370800.0
2309.0,5.0,5.2589,370300.0
2310.0,0.0,9.6583,371300.0
2311.0,0.0,9.045,372300.0
2312.0,1.0,8.0825,373200.0
2313.0,2.0,3.5962,374000.0
2314.0,6.0,3.5962,373500.0
2315.0,1.0,10.7199,374400.0
2316.0,2.0,9.6225,375200.0
2317.0,3.0,8.4692,375700.0
2318.0,8.0,8.4692,372700.0
2319.0,8.0,8.4692,369700.0
2320.0,8.0,8.4692,366700.0
2321.0,8.0,8.4692,363700.0
2322.0,8.0,8.4692,360700.0
2323.0,8.0,8.4692,357700.0
2324.0,8.0,8.4692,354700.0
2325.0,8.0,8.4692,351700.0
2326.0,8.0,8.4692,348700.0
2327.0,0.0,10.8159,349700.0
2328.0,0.0,9.7539,350700.0
2329.0,0.0,8.6704,351700.0
2330.0,0.0,7.9464,352700.0
2331.0,0.0,6.2283,353700.0
2332.0,0.0,5.4368,354700.0
2333.0,4.0,5.4368,354200.0
2334.0,4.0,5.4368,353700.0
2335.0,4.0,5.4368,353200.0
2336.0,4.0,5.4368,352700.0
2337.0,0.0,9.8804,353700.0
2338.0,0.0,9.5906,354700.0
2339.0,1.0,8.0694,355600.0
2340.0,1.0,6.2465,356500.0
2341.0,1.0,7.1667,357400.0
2342.0,1.0,6.1594,358300.0
2343.0,1.0,4.652,359200.0
2344.0,5.0,4.652,358700.0
2345.0,0.0,7.4121,359700.0
2346.0,0.0,8.0136,360700.0
2347.0,0.0,7.6114,361700.0
2348.0,0.0,6.528,362700.0
2349.0,0.0,5.8049,363700.0
2350.0,0.0,6.164,364700.0
2351.0,0.0,5.1782,365700.0
2352.0,4.0,5.1782,365200.0
2353.0,4.0,5.1782,364700.0
2354.0,0.0,7.7922,365700.0
2355.0,0.0,1.4958,366700.0
2356.0,4.0,1.4958,366200.0
2357.0,0.0,8.4472,367200.0
2358.0,0.0,7.5916,368200.0
2359.0,0.0,7.006,369200.0
2360.0,0.0,7.5086,370200.0
2361.0,1.0,6.1699,371100.0
2362.0,2.0,5.1267,371900.0
2363.0,6.0,5.1267,371400.0
2364.0,1.0,7.3781,372300.0
2365.0,1.0,7.0547,373200.0
2366.0,2.0,6.82,374000.0
2367.0,2.0,5.9177,374800.0
2368.0,2.0,6.2073,375600.0
2369.0,3.0,0.8495,376100.0
2370.0,7.0,0.8495,375600.0
2371.0,2.0,6.9482,376400.0
2372.0,2.0,5.3037,377200.0
2373.0,6.0,5.3037,376700.0
2374.0,6.0,5.3037,376200.0
2375.0,6.0,5.3037,375700.0
2376.0,1.0,9.6771,376600.0
2377.0,1.0,8.7637,377500.0
2378.0,1.0,7.9596,378400.0
2379.0,2.0,6.3029,379200.0
2380.0,2.0,6.8589,380000.0
2381.0,2.0,6.1458,380800.0
2382.0,3.0,1.6354,381300.0
2383.0,7.0,1.6354,380800.0
2384.0,2.0,6.9724,381600.0
2385.0,2.0,7.6469,382400.0
2386.0,2.0,7.5265,383200.0
2387.0,2.0,5.8899,384000.0
2388.0,3.0,5.4719,384500.0
2389.0,7.0,5.4719,384000.0
2390.0,7.0,5.4719,383500.0
2391.0,2.0,8.6458,384300.0
2392.0,3.0,1.5465,384800.0
2393.0,7.0,1.5465,384300.0
2394.0,2.0,10.694,385100.0
2395.0,2.0,9.6056,385900.0
2396.0,3.0,8.2178,386400.0
2397.0,8.0,8.2178,383400.0
2398.0,8.0,8.2178,380400.0
2399.0,8.0,8.2178,377400.0
2400.0,8.0,8.2178,374400.0
2401.0,8.0,8.2178,371400.0
2402.0,8.0,8.2178,368400.0
2403.0,8.0,8.2178,365400.0
2404.0,0.0,10.6701,366400.0
2405.0,1.0,9.9037,367300.0
2406.0,1.0,8.9313,368200.0
2407.0,2.0,8.0362,369000.0
2408.0,2.0,6.5924,369800.0
2409.0,3.0,5.4024,370300.0
2410.0,7.0,5.4024,369800.0
2411.0,7.0,5.4024,369300.0
2412.0,7.0,5.4024,368800.0
2413.0,7.0,5.4024,368300.0
2414.0,7.0,5.4024,367800.0
2415.0,7.0,5.4024,367300.0
2416.0,7.0,5.4024,366800.0
2417.0,7.0,5.4024,366300.0
2418.0,2.0,9.5431,367100.0
2419.0,3.0,9.0492,367600.0
2420.0,3.0,3.0662,368100.0
2421.0,7.0,3.0662,367600.0
2422.0,2.0,10.9115,368400.0
2423.0,2.0,9.4442,369200.0
2424.0,2.0,8.3944,370000.0
2425.0,2.0,7.9703,370800.0
2426.0,3.0,4.2883,371300.0
2427.0,7.0,4.2883,370800.0
2428.0,2.0,10.8991,371600.0
2429.0,2.0,9.4364,372400.0
2430.0,2.0,8.906,373200.0
2431.0,2.0,7.3437,374000.0
2432.0,3.0,6.201,374500.0
2433.0,3.0,6.7335,375000.0
2434.0,8.0,6.7335,372000.0
2435.0,8.0,6.7335,369000.0
2436.0,8.0,6.7335,366000.0
2437.0,8.0,6.7335,363000.0
2438.0,8.0,6.7335,360000.0
2439.0,0.0,10.9825,361000.0
2440.0,1.0,9.7552,361900.0
2441.0,2.0,8.4778,362700.0
2442.0,2.0,8.8252,363500.0
2443.0,2.0,7.8404,364300.0
2444.0,2.0,3.6994,365100.0
2445.0,6.0,3.6994,364600.0
2446.0,6.0,3.6994,364100.0
2447.0,6.0,3.6994,363600.0
2448.0,1.0,12.4718,364500.0
2449.0,1.0,8.5269,365400.0
2450.0,1.0,8.1004,366300.0
2451.0,2.0,6.7275,367100.0
2452.0,3.0,2.206,367600.0
2453.0,7.0,2.206,367100.0
2454.0,7.0,2.206,366600.0
2455.0,2.0,9.5824,367400.0
2456.0,2.0,8.5155,368200.0
2457.0,2.0,7.6737,369000.0
2458.0,3.0,7.0723,369500.0
2459.0,3.0,6.1817,370000.0
2460.0,8.0,6.1817,367000.0
2461.0,8.0,6.1817,364000.0
2462.0,8.0,6.1817,361000.0
2463.0,8.0,6.1817,358000.0
2464.0,8.0,6.1817,355000.0
2465.0,8.0,6.1817,352000.0
2466.0,8.0,6.1817,349000.0
2467.0,0.0,10.7461,350000.0
2468.0,0.0,9.6337,351000.0
2469.0,1.0,9.1235,351900.0
2470.0,1.0,7.9027,352800.0
2471.0,2.0,6.9423,353600.0
2472.0,2.0,6.4771,354400.0
2473.0,2.0,6.1532,355200.0
2474.0,2.0,4.623,356000.0
2475.0,6.0,4.623,355500.0
2476.0,1.0,7.9912,356400.0
2477.0,1.0,6.7853,357300.0
2478.0,1.0,5.5162,358200.0
2479.0,2.0,7.3636,359000.0
2480.0,3.0,4.8973,359500.0
2481.0,7.0,4.8973,359000.0
2482.0,2.0,8.0526,359800.0
2483.0,2.0,6.7917,360600.0
2484.0,2.0,7.1017,361400.0
2485.0,3.0,6.1424,361900.0
2486.0,3.0,5.7475,362400.0
2487.0,3.0,3.6948,362900.0
2488.0,7.0,3.6948,362400.0
2489.0,2.0,8.4613,363200.0
2490.0,3.0,6.2162,363700.0
2491.0,8.0,6.2162,360700.0
2492.0,0.0,11.0557,361700.0
2493.0,0.0,9.8447,362700.0
2494.0,1.0,8.6898,363600.0
2495.0,2.0,8.0623,364400.0
2496.0,3.0,2.4908,364900.0
2497.0,7.0,2.4908,364400.0
2498.0,7.0,2.4908,363900.0
2499.0,2.0,10.7924,364700.0
2500.0,2.0,9.7619,365500.0
2501.0,2.0,8.5148,366300.0
2502.0,2.0,8.0496,367100.0
2503.0,3.0,0.663,367600.0
2504.0,7.0,0.663,367100.0
2505.0,2.0,10.684,367900.0
2506.0,2.0,9.479,368700.0
2507.0,2.0,8.3378,369500.0
2508.0,2.0,3.7089,370300.0
2509.0,6.0,3.7089,369800.0
2510.0,6.0,3.7089,369300.0
2511.0,6.0,3.7089,368800.0
2512.0,1.0,10.7708,369700.0
2513.0,2.0,9.6041,370500.0
2514.0,3.0,8.7763,371000.0
2515.0,8.0,8.7763,368000.0
2516.0,8.0,8.7763,365000.0
2517.0,8.0,8.7763,362000.0
2518.0,8.0,8.7763,359000.0
2519.0,8.0,8.7763,356000.0
2520.0,8.0,8.7763,353000.0
2521.0,8.0,8.7763,350000.0
2522.0,8.0,8.7763,347000.0
2523.0,8.0,8.7763,344000.0
2524.0,8.0,8.7763,341000.0
2525.0,8.0,8.7763,338000.0
2526.0,0.0,10.6516,339000.0
2527.0,9.0,10.6516,338000.0
2528.0,9.0,10.6516,337000.0
2529.0,0.0,10.8555,338000.0
2530.0,1.0,9.6187,338900.0
2531.0,1.0,8.8267,339800.0
2532.0,2.0,8.0867,340600.0
2533.0,3.0,6.2622,341100.0
2534.0,3.0,5.5648,341600.0
2535.0,3.0,6.2367,342100.0
2536.0,8.0,6.2367,339100.0
2537.0,0.0,10.8384,340100.0
2538.0,0.0,9.6338,341100.0
2539.0,0.0,8.7832,342100.0
2540.0,0.0,8.1252,343100.0
2541.0,0.0,7.4413,344100.0
2542.0,0.0,6.4318,345100.0
2543.0,0.0,5.105,346100.0
2544.0,4.0,5.105,345600.0
2545.0,0.0,9.4126,346600.0
2546.0,0.0,7.8866,347600.0
2547.0,1.0,7.4403,348500.0
2548.0,1.0,4.9815,349400.0
2549.0,5.0,4.9815,348900.0
2550.0,0.0,9.6324,349900.0
2551.0,0.0,9.3871,350900.0
2552.0,0.0,8.429,351900.0
2553.0,0.0,7.7828,352900.0
2554.0,0.0,6.1052,353900.0
2555.0,0.0,5.676,354900.0
2556.0,0.0,4.6842,355900.0
2557.0,4.0,4.6842,355400.0
2558.0,4.0,4.6842,354900.0
2559.0,4.0,4.6842,354400.0
2560.0,4.0,4.6842,353900.0
2561.0,4.0,4.6842,353400.0
2562.0,4.0,4.6842,352900.0
2563.0,4.0,4.6842,352400.0
2564.0,0.0,7.8787,353400.0
2565.0,0.0,7.2574,354400.0
2566.0,0.0,5.9573,355400.0
2567.0,0.0,6.4409,356400.0
2568.0,0.0,5.2405,357400.0
2569.0,4.0,5.2405,356900.0
2570.0,0.0,8.3497,357900.0
2571.0,1.0,6.8179,358800.0
2572.0,1.0,5.7577,359700.0
2573.0,2.0,6.0558,360500.0
2574.0,2.0,5.3418,361300.0
2575.0,6.0,5.3418,360800.0
2576.0,1.0,8.3538,361700.0
2577.0,2.0,6.9585,362500.0
2578.0,2.0,6.1629,363300.0
2579.0,3.0,3.2024,363800.0
2580.0,7.0,3.2024,363300.0
2581.0,7.0,3.2024,362800.0
2582.0,2.0,8.9356,363600.0
2583.0,2.0,8.2317,364400.0
2584.0,3.0,6.9027,364900.0
2585.0,3.0,4.8031,365400.0
2586.0,7.0,4.8031,364900.0
2587.0,7.0,4.8031,364400.0
2588.0,2.0,9.6197,365200.0
2589.0,2.0,8.5281,366000.0
2590.0,3.0,4.431,366500.0
2591.0,7.0,4.431,366000.0
2592.0,2.0,10.6479,366800.0
2593.0,2.0,9.5845,367600.0
2594.0,3.0,8.7547,368100.0
2595.0,3.0,7.3648,368600.0
2596.0,3.0,6.8877,369100.0
2597.0,8.0,6.8877,366100.0
2598.0,0.0,10.5874,367100.0
2599.0,1.0,9.7588,368000.0
2600.0,1.0,8.9414,368900.0
2601.0,2.0,8.416,369700.0
2602.0,3.0,2.7212,370200.0
2603.0,7.0,2.7212,369700.0
2604.0,2.0,10.5631,370500.0
2605.0,2.0,9.7094,371300.0
2606.0,2.0,8.6898,372100.0
2607.0,2.0,8.4127,372900.0
2608.0,9.0,8.4127,371900.0
2609.0,9.0,8.4127,370900.0
2610.0,9.0,8.4127,369900.0
2611.0,9.0,8.4127,368900.0
2612.0,9.0,8.4127,367900.0
2613.0,9.0,8.4127,366900.0
2614.0,9.0,8.4127,365900.0
2615.0,9.0,8.4127,364900.0
2616.0,9.0,8.4127,363900.0
2617.0,9.0,8.4127,362900.0
2618.0,9.0,8.4127,361900.0
2619.0,0.0,10.9143,362900.0
2620.0,0.0,9.7663,363900.0
2621.0,1.0,9.1312,364800.0
2622.0,1.0,7.8302,365700.0
2623.0,2.0,7.0427,366500.0
2624.0,3.0,3.7164,367000.0
2625.0,7.0,3.7164,366500.0
2626.0,7.0,3.7164,366000.0
2627.0,7.0,3.7164,365500.0
2628.0,7.0,3.7164,365000.0
2629.0,2.0,9.4716,365800.0
2630.0,2.0,8.5215,366600.0
2631.0,2.0,8.3528,367400.0
2632.0,2.0,6.5315,368200.0
2633.0,3.0,6.3867,368700.0
2634.0,3.0,6.0337,369200.0
2635.0,3.0,6.0695,369700.0
2636.0,3.0,4.6427,370200.0
2637.0,7.0,4.6427,369700.0
2638.0,7.0,4.6427,369200.0
2639.0,7.0,4.6427,368700.0
2640.0,2.0,6.6278,369500.0
2641.0,3.0,7.7446,370000.0
2642.0,3.0,3.8384,370500.0
2643.0,7.0,3.8384,370000.0
2644.0,2.0,8.6417,370800.0
2645.0,3.0,7.2087,371300.0
2646.0,3.0,3.6762,371800.0
2647.0,7.0,3.6762,371300.0
2648.0,2.0,10.456,372100.0
2649.0,2.0,9.6851,372900.0
2650.0,2.0,8.9058,373700.0
2651.0,3.0,4.4955,374200.0
2652.0,7.0,4.4955,373700.0
2653.0,7.0,4.4955,373200.0
2654.0,7.0,4.4955,372700.0
2655.0,7.0,4.4955,372200.0
2656.0,2.0,10.8953,373000.0
2657.0,3.0,9.6881,373500.0
2658.0,3.0,9.5578,374000.0
2659.0,3.0,7.6682,374500.0
2660.0,8.0,7.6682,371500.0
2661.0,0.0,10.5394,372500.0
2662.0,1.0,9.6695,373400.0
2663.0,1.0,8.4866,374300.0
2664.0,1.0,7.9554,375200.0
2665.0,2.0,7.3562,376000.0
2666.0,3.0,4.5349,376500.0
2667.0,7.0,4.5349,376000.0
2668.0,7.0,4.5349,375500.0
2669.0,2.0,10.7661,376300.0
2670.0,3.0,9.0002,376800.0
2671.0,3.0,8.5112,377300.0
2672.0,3.0,1.6184,377800.0
2673.0,7.0,1.6184,377300.0
2674.0,2.0,10.623,378100.0
2675.0,3.0,9.2675,378600.0
2676.0,3.0,8.4132,379100.0
2677.0,8.0,8.4132,376100.0
2678.0,8.0,8.4132,373100.0
2679.0,8.0,8.4132,370100.0
2680.0,8.0,8.4132,367100.0
2681.0,8.0,8.4132,364100.0
2682.0,8.0,8.4132,361100.0
2683.0,8.0,8.4132,358100.0
2684.0,0.0,10.6176,359100.0
2685.0,1.0,9.6489,360000.0
2686.0,1.0,8.022,360900.0
2687.0,1.0,7.3927,361800.0
2688.0,1.0,7.561,362700.0
2689.0,1.0,6.4499,363600.0
2690.0,1.0,5.8414,364500.0
2691.0,1.0,5.1073,365400.0
2692.0,5.0,5.1073,364900.0
2693.0,0.0,8.1268,365900.0
2694.0,1.0,8.1738,366800.0
2695.0,2.0,6.994,367600.0
2696.0,3.0,1.2464,368100.0
2697.0,7.0,1.2464,367600.0
2698.0,7.0,1.2464,367100.0
2699.0,7.0,1.2464,366600.0
2700.0,7.0,1.2464,366100.0
2701.0,2.0,8.3594,366900.0
2702.0,2.0,7.6416,367700.0
2703.0,2.0,7.0367,368500.0
2704.0,3.0,7.1584,369000.0
2705.0,8.0,7.1584,366000.0
2706.0,8.0,7.1584,363000.0
2707.0,8.0,7.1584,360000.0
2708.0,8.0,7.1584,357000.0
2709.0,8.0,7.1584,354000.0
2710.0,8.0,7.1584,351000.0
2711.0,8.0,7.1584,348000.0
2712.0,8.0,7.1584,345000.0
2713.0,0.0,10.542,346000.0
2714.0,0.0,9.51,347000.0
2715.0,1.0,9.0088,347900.0
2716.0,1.0,7.7362,348800.0
2717.0,1.0,7.0842,349700.0
2718.0,1.0,6.4038,350600.0
2719.0,1.0,6.1129,351500.0
2720.0,1.0,5.3123,352400.0
2721.0,5.0,5.3123,351900.0
2722.0,0.0,8.3342,352900.0
2723.0,9.0,8.3342,351900.0
2724.0,9.0,8.3342,350900.0
2725.0,9.0,8.3342,349900.0
2726.0,9.0,8.3342,348900.0
2727.0,9.0,8.3342,347900.0
2728.0,9.0,8.3342,346900.0
2729.0,0.0,10.746,347900.0
2730.0,1.0,9.6445,348800.0
2731.0,1.0,9.2355,349700.0
2732.0,1.0,8.5198,350600.0
2733.0,1.0,6.0625,351500.0
2734.0,1.0,6.3574,352400.0
2735.0,1.0,5.6331,353300.0
2736.0,1.0,4.9871,354200.0
2737.0,5.0,4.9871,353700.0
2738.0,5.0,4.9871,353200.0
2739.0,5.0,4.9871,352700.0
2740.0,5.0,4.9871,352200.0
2741.0,0.0,9.177,353200.0
2742.0,0.0,8.1132,354200.0
2743.0,0.0,6.2959,355200.0
2744.0,1.0,6.2646,356100.0
2745.0,1.0,5.232,357000.0
2746.0,5.0,5.232,356500.0
2747.0,5.0,5.232,356000.0
2748.0,5.0,5.232,355500.0
2749.0,5.0,5.232,355000.0
2750.0,0.0,8.0327,356000.0
2751.0,0.0,5.6956,357000.0
2752.0,0.0,8.7668,358000.0
2753.0,1.0,5.862,358900.0
2754.0,1.0,6.0164,359800.0
2755.0,1.0,4.9003,360700.0
2756.0,5.0,4.9003,360200.0
2757.0,5.0,4.9003,359700.0
2758.0,0.0,8.0016,360700.0
2759.0,1.0,6.054,361600.0
2760.0,1.0,5.4022,362500.0
2761.0,5.0,5.4022,362000.0
2762.0,5.0,5.4022,361500.0
2763.0,0.0,8.6412,362500.0
2764.0,1.0,7.9499,363400.0
2765.0,1.0,5.7702,364300.0
2766.0,2.0,6.6943,365100.0
2767.0,3.0,1.8564,365600.0
2768.0,7.0,1.8564,365100.0
2769.0,7.0,1.8564,364600.0
2770.0,2.0,8.7884,365400.0
2771.0,3.0,5.3466,365900.0
2772.0,7.0,5.3466,365400.0
2773.0,7.0,5.3466,364900.0
2774.0,2.0,10.6456,365700.0
2775.0,2.0,9.7576,366500.0
2776.0,3.0,8.4476,367000.0
2777.0,3.0,7.8879,367500.0
2778.0,8.0,7.8879,364500.0
2779.0,8.0,7.8879,361500.0
2780.0,8.0,7.8879,358500.0
2781.0,8.0,7.8879,355500.0
2782.0,8.0,7.8879,352500.0
2783.0,8.0,7.8879,349500.0
2784.0,8.0,7.8879,346500.0
2785.0,0.0,10.5452,347500.0
2786.0,0.0,9.7529,348500.0
2787.0,0.0,8.9837,349500.0
2788.0,1.0,8.3488,350400.0
2789.0,1.0,6.4443,351300.0
2790.0,2.0,6.4203,352100.0
2791.0,2.0,6.9458,352900.0
2792.0,3.0,5.2241,353400.0
2793.0,7.0,5.2241,352900.0
2794.0,2.0,7.9023,353700.0
2795.0,2.0,2.9905,354500.0
2796.0,6.0,2.9905,354000.0
2797.0,1.0,10.6412,354900.0
2798.0,2.0,9.7187,355700.0
2799.0,2.0,8.2552,356500.0
2800.0,2.0,8.2624,357300.0
2801.0,3.0,8.8948,357800.0
2802.0,3.0,5.7022,358300.0
2803.0,3.0,5.3473,358800.0
2804.0,7.0,5.3473,358300.0
2805.0,2.0,8.3091,359100.0
2806.0,2.0,8.2802,359900.0
2807.0,2.0,7.2423,360700.0
2808.0,2.0,5.7426,361500.0
2809.0,2.0,6.1047,362300.0
2810.0,2.0,5.4624,363100.0
2811.0,6.0,5.4624,362600.0
2812.0,1.0,8.7277,363500.0
2813.0,1.0,7.6387,364400.0
2814.0,1.0,5.0444,365300.0
2815.0,5.0,5.0444,364800.0
2816.0,0.0,9.3973,365800.0
2817.0,1.0,9.071,366700.0
2818.0,1.0,6.5136,367600.0
2819.0,1.0,7.9064,368500.0
2820.0,1.0,5.6301,369400.0
2821.0,2.0,6.7694,370200.0
2822.0,2.0,5.6315,371000.0
2823.0,2.0,4.4041,371800.0
2824.0,6.0,4.4041,371300.0
2825.0,1.0,6.655,372200.0
2826.0,2.0,4.2672,373000.0
2827.0,6.0,4.2672,372500.0
2828.0,6.0,4.2672,372000.0
2829.0,6.0,4.2672,371500.0
2830.0,1.0,9.6298,372400.0
2831.0,1.0,9.0016,373300.0
2832.0,1.0,7.879,374200.0
2833.0,2.0,7.518,375000.0
2834.0,3.0,3.2214,375500.0
2835.0,7.0,3.2214,375000.0
2836.0,2.0,11.2649,375800.0
2837.0,9.0,11.2649,374800.0
2838.0,9.0,11.2649,373800.0
2839.0,9.0,11.2649,372800.0
2840.0,9.0,11.2649,371800.0
2841.0,0.0,10.9265,372800.0
2842.0,0.0,9.9632,373800.0
2843.0,1.0,8.4341,374700.0
2844.0,2.0,8.517,375500.0
2845.0,2.0,6.7373,376300.0
2846.0,3.0,3.8493,376800.0
2847.0,7.0,3.8493,376300.0
2848.0,7.0,3.8493,375800.0
2849.0,7.0,3.8493,375300.0
2850.0,7.0,3.8493,374800.0
2851.0,2.0,9.7439,375600.0
2852.0,2.0,8.3331,376400.0
2853.0,2.0,8.7229,377200.0
2854.0,2.0,6.4703,378000.0
2855.0,2.0,6.1842,378800.0
2856.0,3.0,1.1214,379300.0
2857.0,7.0,1.1214,378800.0
2858.0,7.0,1.1214,378300.0
2859.0,7.0,1.1214,377800.0
2860.0,2.0,8.7518,378600.0
2861.0,3.0,3.6447,379100.0
2862.0,7.0,3.6447,378600.0
2863.0,7.0,3.6447,378100.0
2864.0,7.0,3.6447,377600.0
2865.0,7.0,3.6447,377100.0
2866.0,2.0,11.0254,377900.0
2867.0,2.0,9.8638,378700.0
2868.0,3.0,8.3521,379200.0
2869.0,3.0,7.6789,379700.0
2870.0,3.0,6.2164,380200.0
2871.0,3.0,5.7654,380700.0
2872.0,3.0,2.0552,381200.0
2873.0,7.0,2.0552,380700.0
2874.0,7.0,2.0552,380200.0
2875.0,2.0,8.4757,381000.0
2876.0,2.0,7.5273,381800.0
2877.0,2.0,7.5866,382600.0
2878.0,2.0,6.2082,383400.0
2879.0,2.0,5.7039,384200.0
2880.0,2.0,5.6044,385000.0
2881.0,2.0,4.6273,385800.0
2882.0,6.0,4.6273,385300.0
2883.0,6.0,4.6273,384800.0
2884.0,1.0,7.07,385700.0
2885.0,1.0,7.4175,386600.0
2886.0,1.0,6.2197,387500.0
2887.0,1.0,5.3122,388400.0
2888.0,5.0,5.3122,387900.0
2889.0,5.0,5.3122,387400.0
2890.0,5.0,5.3122,386900.0
2891.0,0.0,7.8917,387900.0
2892.0,1.0,6.7854,388800.0
2893.0,2.0,6.0027,389600.0
2894.0,2.0,4.9155,390400.0
2895.0,6.0,4.9155,389900.0
2896.0,1.0,8.4453,390800.0
2897.0,2.0,7.6081,391600.0
2898.0,2.0,7.7092,392400.0
2899.0,2.0,6.1591,393200.0
2900.0,3.0,3.6683,393700.0
2901.0,7.0,3.6683,393200.0
2902.0,7.0,3.6683,392700.0
2903.0,2.0,8.9771,393500.0
2904.0,2.0,4.3772,394300.0
2905.0,6.0,4.3772,393800.0
2906.0,1.0,10.7254,394700.0
2907.0,1.0,9.7256,395600.0
2908.0,1.0,8.2034,396500.0
2909.0,2.0,7.6293,397300.0
2910.0,2.0,6.8552,398100.0
2911.0,3.0,-1.0584,398600.0
2912.0,7.0,-1.0584,398100.0
2913.0,7.0,-1.0584,397600.0
2914.0,7.0,-1.0584,397100.0
2915.0,2.0,9.434,397900.0
2916.0,2.0,8.4843,398700.0
2917.0,3.0,7.7117,399200.0
2918.0,8.0,7.7117,396200.0
2919.0,8.0,7.7117,393200.0
2920.0,8.0,7.7117,390200.0
2921.0,8.0,7.7117,387200.0
2922.0,8.0,7.7117,384200.0
2923.0,8.0,7.7117,381200.0
2924.0,8.0,7.7117,378200.0
2925.0,8.0,7.7117,375200.0
2926.0,8.0,7.7117,372200.0
2927.0,8.0,7.7117,369200.0
2928.0,8.0,7.7117,366200.0
2929.0,0.0,11.105,367200.0
2930.0,1.0,9.9142,368100.0
2931.0,1.0,9.0125,369000.0
2932.0,1.0,8.1576,369900.0
2933.0,1.0,7.5215,370800.0
2934.0,2.0,5.0293,371600.0
2935.0,6.0,5.0293,371100.0
2936.0,6.0,5.0293,370600.0
2937.0,1.0,9.8185,371500.0
2938.0,1.0,8.9432,372400.0
2939.0,2.0,7.2038,373200.0
2940.0,2.0,7.6508,374000.0
2941.0,2.0,5.802,374800.0
2942.0,3.0,5.0707,375300.0
2943.0,7.0,5.0707,374800.0
2944.0,2.0,8.7316,375600.0
2945.0,3.0,4.9484,376100.0
2946.0,7.0,4.9484,375600.0
2947.0,2.0,10.7525,376400.0
2948.0,3.0,10.1607,376900.0
2949.0,8.0,10.1607,373900.0
2950.0,8.0,10.1607,370900.0
2951.0,8.0,10.1607,367900.0
2952.0,0.0,10.575,368900.0
2953.0,0.0,9.7524,369900.0
2954.0,0.0,9.0794,370900.0
2955.0,1.0,8.5569,371800.0
2956.0,2.0,5.9478,372600.0
2957.0,3.0,6.1149,373100.0
2958.0,3.0,5.1502,373600.0
2959.0,7.0,5.1502,373100.0
2960.0,2.0,8.8316,373900.0
2961.0,2.0,8.9986,374700.0
2962.0,2.0,7.4316,375500.0
2963.0,2.0,6.0859,376300.0
2964.0,2.0,5.0567,377100.0
2965.0,6.0,5.0567,376600.0
2966.0,6.0,5.0567,376100.0
2967.0,1.0,8.4024,377000.0
2968.0,2.0,7.5544,377800.0
2969.0,2.0,7.0089,378600.0
2970.0,2.0,5.3091,379400.0
2971.0,6.0,5.3091,378900.0
2972.0,1.0,9.5476,379800.0
2973.0,1.0,8.8468,380700.0
2974.0,2.0,8.0991,381500.0
2975.0,2.0,6.7134,382300.0
2976.0,3.0,4.0003,382800.0
2977.0,7.0,4.0003,382300.0
2978.0,2.0,9.6134,383100.0
2979.0,2.0,8.1281,383900.0
2980.0,2.0,6.2882,384700.0
2981.0,2.0,6.6951,385500.0
2982.0,2.0,-1.655,386300.0
2983.0,6.0,-1.655,385800.0
2984.0,1.0,9.7037,386700.0
2985.0,1.0,9.2189,387600.0
2986.0,1.0,7.5476,388500.0
2987.0,1.0,8.0461,389400.0
2988.0,1.0,6.5709,390300.0
2989.0,2.0,5.8905,391100.0
2990.0,2.0,5.6934,391900.0
2991.0,2.0,5.5156,392700.0
2992.0,2.0,5.0034,393500.0
2993.0,6.0,5.0034,393000.0
2994.0,6.0,5.0034,392500.0
2995.0,6.0,5.0034,392000.0
2996.0,1.0,8.1646,392900.0
2997.0,1.0,5.4815,393800.0
2998.0,5.0,5.4815,393300.0
2999.0,5.0,5.4815,392800.0
3000.0,0.0,8.5583,393800.0
3001.0,1.0,8.0236,394700.0
3002.0,2.0,7.1643,395500.0
3003.0,3.0,0.8989,396000.0
3004.0,7.0,0.8989,395500.0
3005.0,7.0,0.8989,395000.0
3006.0,7.0,0.8989,394500.0
